Date,High,Low,Open,Close,Volume,Adj Close,Symbol,Security Name
2019-12-31,52.900001525878906,52.650001525878906,52.900001525878906,52.790000915527344,21500.0,48.93861389160156,CMBS,iShares CMBS Bond ETF
2020-01-02,53.150001525878906,52.70000076293945,53.150001525878906,52.79999923706055,90100.0,48.9478874206543,CMBS,iShares CMBS Bond ETF
2020-01-03,53.18000030517578,52.79999923706055,53.18000030517578,53.0099983215332,35600.0,49.142574310302734,CMBS,iShares CMBS Bond ETF
2020-01-06,53.2599983215332,52.90999984741211,53.119998931884766,53.0099983215332,24300.0,49.142574310302734,CMBS,iShares CMBS Bond ETF
2020-01-07,53.2400016784668,52.93000030517578,53.119998931884766,53.08000183105469,39800.0,49.20746612548828,CMBS,iShares CMBS Bond ETF
2020-01-08,53.189998626708984,52.88999938964844,53.0,53.04999923706055,84000.0,49.17965316772461,CMBS,iShares CMBS Bond ETF
2020-01-09,53.029998779296875,52.81999969482422,53.029998779296875,52.95000076293945,31100.0,49.08695983886719,CMBS,iShares CMBS Bond ETF
2020-01-10,53.2599983215332,52.83000183105469,53.220001220703125,53.20000076293945,58400.0,49.318702697753906,CMBS,iShares CMBS Bond ETF
2020-01-13,53.25,53.029998779296875,53.20000076293945,53.11000061035156,17200.0,49.235286712646484,CMBS,iShares CMBS Bond ETF
2020-01-14,53.27000045776367,53.060001373291016,53.150001525878906,53.220001220703125,17700.0,49.33725357055664,CMBS,iShares CMBS Bond ETF
2020-01-15,53.439998626708984,53.099998474121094,53.290000915527344,53.40999984741211,72200.0,49.513389587402344,CMBS,iShares CMBS Bond ETF
2020-01-16,53.380001068115234,53.20000076293945,53.33000183105469,53.29999923706055,18200.0,49.411415100097656,CMBS,iShares CMBS Bond ETF
2020-01-17,53.27000045776367,53.060001373291016,53.2400016784668,53.189998626708984,35600.0,49.30944061279297,CMBS,iShares CMBS Bond ETF
2020-01-21,53.33000183105469,53.11000061035156,53.29999923706055,53.310001373291016,9500.0,49.42070007324219,CMBS,iShares CMBS Bond ETF
2020-01-22,53.4900016784668,53.27000045776367,53.459999084472656,53.33000183105469,12000.0,49.439231872558594,CMBS,iShares CMBS Bond ETF
2020-01-23,53.599998474121094,53.29999923706055,53.4900016784668,53.5099983215332,28300.0,49.60609436035156,CMBS,iShares CMBS Bond ETF
2020-01-24,53.630001068115234,53.470001220703125,53.58000183105469,53.54999923706055,48100.0,49.6431770324707,CMBS,iShares CMBS Bond ETF
2020-01-27,53.900001525878906,53.540000915527344,53.7400016784668,53.7599983215332,71700.0,49.83784866333008,CMBS,iShares CMBS Bond ETF
2020-01-28,53.90999984741211,53.560001373291016,53.83000183105469,53.709999084472656,291000.0,49.79149627685547,CMBS,iShares CMBS Bond ETF
2020-01-29,53.900001525878906,53.709999084472656,53.79999923706055,53.900001525878906,38600.0,49.96763610839844,CMBS,iShares CMBS Bond ETF
2020-01-30,54.150001525878906,53.86000061035156,53.95000076293945,54.119998931884766,18100.0,50.17159652709961,CMBS,iShares CMBS Bond ETF
2020-01-31,54.310001373291016,54.0,54.099998474121094,54.22999954223633,23900.0,50.27356719970703,CMBS,iShares CMBS Bond ETF
2020-02-03,54.0,53.869998931884766,54.0,53.9900016784668,76900.0,50.16579055786133,CMBS,iShares CMBS Bond ETF
2020-02-04,53.970001220703125,53.810001373291016,53.810001373291016,53.869998931884766,17400.0,50.054290771484375,CMBS,iShares CMBS Bond ETF
2020-02-05,53.84000015258789,53.529998779296875,53.709999084472656,53.84000015258789,185800.0,50.02641677856445,CMBS,iShares CMBS Bond ETF
2020-02-06,53.790000915527344,53.5099983215332,53.689998626708984,53.66999816894531,89700.0,49.868446350097656,CMBS,iShares CMBS Bond ETF
2020-02-07,53.84000015258789,53.560001373291016,53.84000015258789,53.65999984741211,206400.0,49.85915756225586,CMBS,iShares CMBS Bond ETF
2020-02-10,54.11000061035156,53.79999923706055,54.0099983215332,54.0,89100.0,50.17507553100586,CMBS,iShares CMBS Bond ETF
2020-02-11,53.97999954223633,53.810001373291016,53.91999816894531,53.97999954223633,23200.0,50.156494140625,CMBS,iShares CMBS Bond ETF
2020-02-12,53.90999984741211,53.7400016784668,53.880001068115234,53.83000183105469,68500.0,50.01710510253906,CMBS,iShares CMBS Bond ETF
2020-02-13,53.83000183105469,53.630001068115234,53.810001373291016,53.77000045776367,57300.0,49.961368560791016,CMBS,iShares CMBS Bond ETF
2020-02-14,53.900001525878906,53.720001220703125,53.79999923706055,53.84000015258789,46800.0,50.02641677856445,CMBS,iShares CMBS Bond ETF
2020-02-18,54.06999969482422,53.630001068115234,54.0099983215332,53.91999816894531,62300.0,50.10074234008789,CMBS,iShares CMBS Bond ETF
2020-02-19,54.02000045776367,53.869998931884766,53.9900016784668,54.0099983215332,75200.0,50.184349060058594,CMBS,iShares CMBS Bond ETF
2020-02-20,54.189998626708984,53.880001068115234,54.150001525878906,54.02000045776367,49300.0,50.193660736083984,CMBS,iShares CMBS Bond ETF
2020-02-21,54.16999816894531,54.0,54.06999969482422,54.08000183105469,75900.0,50.2494010925293,CMBS,iShares CMBS Bond ETF
2020-02-24,54.45000076293945,54.2400016784668,54.40999984741211,54.2400016784668,56400.0,50.39807891845703,CMBS,iShares CMBS Bond ETF
2020-02-25,54.63999938964844,54.27000045776367,54.47999954223633,54.58000183105469,47400.0,50.7139892578125,CMBS,iShares CMBS Bond ETF
2020-02-26,54.63999938964844,54.41999816894531,54.599998474121094,54.63999938964844,40500.0,50.76974868774414,CMBS,iShares CMBS Bond ETF
2020-02-27,54.65999984741211,54.5099983215332,54.65999984741211,54.529998779296875,27500.0,50.66753005981445,CMBS,iShares CMBS Bond ETF
2020-02-28,54.7400016784668,54.25,54.7400016784668,54.45000076293945,355800.0,50.59321212768555,CMBS,iShares CMBS Bond ETF
2020-03-02,55.08000183105469,54.79999923706055,54.83000183105469,54.869998931884766,74800.0,51.09416961669922,CMBS,iShares CMBS Bond ETF
2020-03-03,55.43000030517578,54.720001220703125,55.0,55.150001525878906,68700.0,51.35491943359375,CMBS,iShares CMBS Bond ETF
2020-03-04,55.59000015258789,54.939998626708984,55.59000015258789,54.939998626708984,67700.0,51.159358978271484,CMBS,iShares CMBS Bond ETF
2020-03-05,55.720001220703125,55.27000045776367,55.45000076293945,55.470001220703125,72300.0,51.65288162231445,CMBS,iShares CMBS Bond ETF
2020-03-06,55.66999816894531,55.25,55.380001068115234,55.52000045776367,39800.0,51.6994514465332,CMBS,iShares CMBS Bond ETF
2020-03-09,56.0,55.029998779296875,55.439998626708984,55.88999938964844,155900.0,52.04398727416992,CMBS,iShares CMBS Bond ETF
2020-03-10,55.400001525878906,54.81999969482422,55.04999923706055,54.81999969482422,111500.0,51.04762649536133,CMBS,iShares CMBS Bond ETF
2020-03-11,55.130001068115234,54.220001220703125,55.130001068115234,54.4900016784668,508600.0,50.740325927734375,CMBS,iShares CMBS Bond ETF
2020-03-12,55.0,49.31999969482422,52.83000183105469,50.900001525878906,397300.0,47.397369384765625,CMBS,iShares CMBS Bond ETF
2020-03-13,53.209999084472656,50.83000183105469,51.130001068115234,52.810001373291016,104200.0,49.17594528198242,CMBS,iShares CMBS Bond ETF
2020-03-16,54.86000061035156,52.310001373291016,52.310001373291016,53.83000183105469,190800.0,50.12574005126953,CMBS,iShares CMBS Bond ETF
2020-03-17,54.189998626708984,53.349998474121094,53.43000030517578,53.790000915527344,73500.0,50.08849334716797,CMBS,iShares CMBS Bond ETF
2020-03-18,54.16999816894531,52.59000015258789,53.47999954223633,53.02000045776367,116200.0,49.37147903442383,CMBS,iShares CMBS Bond ETF
2020-03-19,53.540000915527344,49.029998779296875,49.029998779296875,52.68000030517578,115400.0,49.05488204956055,CMBS,iShares CMBS Bond ETF
2020-03-20,53.189998626708984,51.47999954223633,51.650001525878906,52.900001525878906,64500.0,49.259742736816406,CMBS,iShares CMBS Bond ETF
2020-03-23,53.11000061035156,51.959999084472656,52.720001220703125,52.2400016784668,104600.0,48.6451530456543,CMBS,iShares CMBS Bond ETF
2020-03-24,51.7400016784668,50.45000076293945,51.25,50.459999084472656,147000.0,46.987648010253906,CMBS,iShares CMBS Bond ETF
2020-03-25,51.380001068115234,50.150001525878906,50.150001525878906,50.36000061035156,107300.0,46.89453125,CMBS,iShares CMBS Bond ETF
2020-03-26,51.25,50.369998931884766,51.25,50.720001220703125,140100.0,47.22975540161133,CMBS,iShares CMBS Bond ETF
2020-03-27,51.900001525878906,50.939998626708984,51.470001220703125,51.900001525878906,59700.0,48.32856369018555,CMBS,iShares CMBS Bond ETF
2020-03-30,52.959999084472656,51.439998626708984,51.439998626708984,52.79999923706055,277100.0,49.16661834716797,CMBS,iShares CMBS Bond ETF
2020-03-31,53.720001220703125,52.810001373291016,53.380001068115234,53.689998626708984,50500.0,49.99538040161133,CMBS,iShares CMBS Bond ETF
2020-04-01,53.91999816894531,53.0099983215332,53.630001068115234,53.0099983215332,62900.0,49.47550964355469,CMBS,iShares CMBS Bond ETF
2020-04-02,53.970001220703125,52.84000015258789,53.970001220703125,53.33000183105469,156900.0,49.77418899536133,CMBS,iShares CMBS Bond ETF
2020-04-03,54.04999923706055,52.720001220703125,53.150001525878906,53.5,94700.0,49.932830810546875,CMBS,iShares CMBS Bond ETF
2020-04-06,53.47999954223633,52.54999923706055,53.0,53.130001068115234,28200.0,49.58750915527344,CMBS,iShares CMBS Bond ETF
2020-04-07,53.11000061035156,52.720001220703125,53.11000061035156,53.08000183105469,54600.0,49.54084777832031,CMBS,iShares CMBS Bond ETF
2020-04-08,52.939998626708984,52.0099983215332,52.0099983215332,52.130001068115234,264900.0,48.65418243408203,CMBS,iShares CMBS Bond ETF
2020-04-09,54.0,52.52000045776367,54.0,52.779998779296875,31800.0,49.26084899902344,CMBS,iShares CMBS Bond ETF
2020-04-13,53.560001373291016,52.959999084472656,52.959999084472656,53.0099983215332,22400.0,49.47550964355469,CMBS,iShares CMBS Bond ETF
2020-04-14,53.68000030517578,52.7599983215332,53.4900016784668,52.7599983215332,62700.0,49.24219512939453,CMBS,iShares CMBS Bond ETF
2020-04-15,53.75,52.849998474121094,52.849998474121094,53.75,44200.0,50.16617202758789,CMBS,iShares CMBS Bond ETF
2020-04-16,53.849998474121094,53.130001068115234,53.72999954223633,53.84000015258789,55100.0,50.25017166137695,CMBS,iShares CMBS Bond ETF
2020-04-17,54.04999923706055,53.31999969482422,53.58000183105469,53.779998779296875,41400.0,50.19416427612305,CMBS,iShares CMBS Bond ETF
2020-04-20,54.5,53.310001373291016,53.709999084472656,53.79999923706055,53700.0,50.212833404541016,CMBS,iShares CMBS Bond ETF
2020-04-21,54.290000915527344,53.7400016784668,53.900001525878906,53.86000061035156,27800.0,50.268836975097656,CMBS,iShares CMBS Bond ETF
2020-04-22,54.16999816894531,53.459999084472656,53.84000015258789,53.470001220703125,18600.0,49.904842376708984,CMBS,iShares CMBS Bond ETF
2020-04-23,53.720001220703125,53.380001068115234,53.66999816894531,53.709999084472656,32500.0,50.128841400146484,CMBS,iShares CMBS Bond ETF
2020-04-24,54.029998779296875,53.34000015258789,53.70000076293945,53.70000076293945,26900.0,50.11951446533203,CMBS,iShares CMBS Bond ETF
2020-04-27,53.709999084472656,53.189998626708984,53.40999984741211,53.189998626708984,259000.0,49.64352035522461,CMBS,iShares CMBS Bond ETF
2020-04-28,53.630001068115234,53.189998626708984,53.400001525878906,53.45000076293945,115200.0,49.88616943359375,CMBS,iShares CMBS Bond ETF
2020-04-29,53.83000183105469,53.40999984741211,53.7400016784668,53.5,31700.0,49.932830810546875,CMBS,iShares CMBS Bond ETF
2020-04-30,54.04999923706055,53.20000076293945,54.04999923706055,53.70000076293945,22200.0,50.11951446533203,CMBS,iShares CMBS Bond ETF
2020-05-01,54.029998779296875,53.369998931884766,53.66999816894531,53.95000076293945,39900.0,50.461849212646484,CMBS,iShares CMBS Bond ETF
2020-05-04,53.900001525878906,53.40999984741211,53.650001525878906,53.709999084472656,139200.0,50.23736572265625,CMBS,iShares CMBS Bond ETF
2020-05-05,53.86000061035156,53.209999084472656,53.66999816894531,53.209999084472656,37700.0,49.769676208496094,CMBS,iShares CMBS Bond ETF
2020-05-06,53.86000061035156,53.189998626708984,53.34000015258789,53.33000183105469,38800.0,49.88193130493164,CMBS,iShares CMBS Bond ETF
2020-05-07,54.189998626708984,53.40999984741211,54.189998626708984,54.0,22500.0,50.508602142333984,CMBS,iShares CMBS Bond ETF
2020-05-08,53.97999954223633,53.5,53.97999954223633,53.72999954223633,24100.0,50.25606918334961,CMBS,iShares CMBS Bond ETF
2020-05-11,53.91999816894531,53.560001373291016,53.869998931884766,53.560001373291016,134300.0,50.09706115722656,CMBS,iShares CMBS Bond ETF
2020-05-12,54.060001373291016,53.4900016784668,53.7400016784668,53.970001220703125,21200.0,50.48055648803711,CMBS,iShares CMBS Bond ETF
2020-05-13,54.2400016784668,53.779998779296875,53.779998779296875,54.2400016784668,47800.0,50.733089447021484,CMBS,iShares CMBS Bond ETF
2020-05-14,54.27000045776367,53.86000061035156,53.97999954223633,54.040000915527344,32300.0,50.54601287841797,CMBS,iShares CMBS Bond ETF
2020-05-15,54.31999969482422,53.849998474121094,54.25,54.06999969482422,24700.0,50.5740852355957,CMBS,iShares CMBS Bond ETF
2020-05-18,54.099998474121094,53.75,53.970001220703125,53.900001525878906,21200.0,50.415069580078125,CMBS,iShares CMBS Bond ETF
2020-05-19,54.029998779296875,53.79999923706055,53.9900016784668,54.029998779296875,49800.0,50.53666305541992,CMBS,iShares CMBS Bond ETF
2020-05-20,54.09000015258789,53.470001220703125,53.79999923706055,53.529998779296875,79000.0,50.06899642944336,CMBS,iShares CMBS Bond ETF
2020-05-21,54.16999816894531,53.720001220703125,53.97999954223633,53.81999969482422,52500.0,50.34025192260742,CMBS,iShares CMBS Bond ETF
2020-05-22,54.099998474121094,53.63999938964844,54.099998474121094,53.709999084472656,29500.0,50.23736572265625,CMBS,iShares CMBS Bond ETF
2020-05-26,54.279998779296875,53.61000061035156,54.279998779296875,53.83000183105469,24400.0,50.349605560302734,CMBS,iShares CMBS Bond ETF
2020-05-27,54.189998626708984,53.630001068115234,53.79999923706055,53.970001220703125,18100.0,50.48055648803711,CMBS,iShares CMBS Bond ETF
2020-05-28,54.150001525878906,53.75,54.0,54.09000015258789,27700.0,50.592796325683594,CMBS,iShares CMBS Bond ETF
2020-05-29,54.529998779296875,53.900001525878906,54.529998779296875,54.130001068115234,39000.0,50.63020324707031,CMBS,iShares CMBS Bond ETF
2020-06-01,54.599998474121094,53.90999984741211,54.599998474121094,54.08000183105469,12700.0,50.688323974609375,CMBS,iShares CMBS Bond ETF
2020-06-02,54.279998779296875,53.810001373291016,54.0,54.20000076293945,21900.0,50.80080032348633,CMBS,iShares CMBS Bond ETF
2020-06-03,54.25,53.779998779296875,54.040000915527344,53.790000915527344,41400.0,50.41651153564453,CMBS,iShares CMBS Bond ETF
2020-06-04,54.40999984741211,53.61000061035156,53.88999938964844,53.900001525878906,25700.0,50.51960372924805,CMBS,iShares CMBS Bond ETF
2020-06-05,54.380001068115234,53.599998474121094,54.2599983215332,53.900001525878906,28800.0,50.51960372924805,CMBS,iShares CMBS Bond ETF
2020-06-08,54.04999923706055,53.619998931884766,53.900001525878906,53.720001220703125,28700.0,50.35090637207031,CMBS,iShares CMBS Bond ETF
2020-06-09,54.29999923706055,53.900001525878906,54.29999923706055,53.900001525878906,28200.0,50.51960372924805,CMBS,iShares CMBS Bond ETF
2020-06-10,54.59000015258789,54.06999969482422,54.33000183105469,54.59000015258789,47100.0,51.16633987426758,CMBS,iShares CMBS Bond ETF
2020-06-11,54.66999816894531,54.2599983215332,54.66999816894531,54.65999984741211,66800.0,51.23194122314453,CMBS,iShares CMBS Bond ETF
2020-06-12,54.779998779296875,54.36000061035156,54.7400016784668,54.36000061035156,23200.0,50.95075225830078,CMBS,iShares CMBS Bond ETF
2020-06-15,54.77000045776367,54.439998626708984,54.70000076293945,54.720001220703125,82700.0,51.28817367553711,CMBS,iShares CMBS Bond ETF
2020-06-16,54.849998474121094,54.34000015258789,54.529998779296875,54.58000183105469,17200.0,51.15694808959961,CMBS,iShares CMBS Bond ETF
2020-06-17,54.869998931884766,54.43000030517578,54.869998931884766,54.560001373291016,19500.0,51.138214111328125,CMBS,iShares CMBS Bond ETF
2020-06-18,54.869998931884766,54.619998931884766,54.869998931884766,54.689998626708984,15200.0,51.26005935668945,CMBS,iShares CMBS Bond ETF
2020-06-19,54.720001220703125,54.45000076293945,54.45000076293945,54.720001220703125,27000.0,51.28817367553711,CMBS,iShares CMBS Bond ETF
2020-06-22,54.79999923706055,54.33000183105469,54.66999816894531,54.630001068115234,41100.0,51.20383071899414,CMBS,iShares CMBS Bond ETF
2020-06-23,54.83000183105469,54.59000015258789,54.7400016784668,54.7400016784668,18800.0,51.30693435668945,CMBS,iShares CMBS Bond ETF
2020-06-24,54.849998474121094,54.560001373291016,54.77000045776367,54.75,47800.0,51.316307067871094,CMBS,iShares CMBS Bond ETF
2020-06-25,54.84000015258789,54.54999923706055,54.54999923706055,54.77000045776367,107000.0,51.33504104614258,CMBS,iShares CMBS Bond ETF
2020-06-26,54.84000015258789,54.459999084472656,54.599998474121094,54.63999938964844,63000.0,51.21320343017578,CMBS,iShares CMBS Bond ETF
2020-06-29,54.869998931884766,54.689998626708984,54.849998474121094,54.86000061035156,23500.0,51.419395446777344,CMBS,iShares CMBS Bond ETF
2020-06-30,54.9900016784668,54.810001373291016,54.810001373291016,54.91999816894531,47700.0,51.47563552856445,CMBS,iShares CMBS Bond ETF
2020-07-01,55.0,54.599998474121094,55.0,54.97999954223633,92300.0,51.63717269897461,CMBS,iShares CMBS Bond ETF
2020-07-02,55.0,54.68000030517578,55.0,54.720001220703125,18000.0,51.39297866821289,CMBS,iShares CMBS Bond ETF
2020-07-06,54.790000915527344,54.56999969482422,54.68000030517578,54.77000045776367,22900.0,51.43994903564453,CMBS,iShares CMBS Bond ETF
2020-07-07,54.9900016784668,54.54999923706055,54.77000045776367,54.54999923706055,21000.0,51.23332214355469,CMBS,iShares CMBS Bond ETF
2020-07-08,55.0,54.529998779296875,54.93000030517578,54.75,14200.0,51.42116928100586,CMBS,iShares CMBS Bond ETF
2020-07-09,54.9900016784668,54.72999954223633,54.88999938964844,54.97999954223633,13400.0,51.63717269897461,CMBS,iShares CMBS Bond ETF
2020-07-10,55.08000183105469,54.790000915527344,54.869998931884766,54.849998474121094,37700.0,51.515071868896484,CMBS,iShares CMBS Bond ETF
2020-07-13,55.06999969482422,54.779998779296875,54.81999969482422,55.02000045776367,21000.0,51.674739837646484,CMBS,iShares CMBS Bond ETF
2020-07-14,55.220001220703125,54.88999938964844,55.060001373291016,55.09000015258789,16900.0,51.7404899597168,CMBS,iShares CMBS Bond ETF
2020-07-15,55.20000076293945,54.779998779296875,54.970001220703125,54.880001068115234,27000.0,51.54325866699219,CMBS,iShares CMBS Bond ETF
2020-07-16,55.15999984741211,54.91999816894531,55.06999969482422,54.91999816894531,18400.0,51.58082962036133,CMBS,iShares CMBS Bond ETF
2020-07-17,55.25,54.88999938964844,54.970001220703125,55.08000183105469,15900.0,51.731101989746094,CMBS,iShares CMBS Bond ETF
2020-07-20,55.25,54.79999923706055,55.0099983215332,54.84000015258789,74700.0,51.50569152832031,CMBS,iShares CMBS Bond ETF
2020-07-21,55.33000183105469,54.709999084472656,55.060001373291016,55.130001068115234,24400.0,51.77805709838867,CMBS,iShares CMBS Bond ETF
2020-07-22,55.400001525878906,54.689998626708984,54.959999084472656,55.220001220703125,21700.0,51.862586975097656,CMBS,iShares CMBS Bond ETF
2020-07-23,55.20000076293945,54.77000045776367,55.099998474121094,55.130001068115234,308700.0,51.77805709838867,CMBS,iShares CMBS Bond ETF
2020-07-24,55.099998474121094,54.31999969482422,55.06999969482422,55.09000015258789,610100.0,51.7404899597168,CMBS,iShares CMBS Bond ETF
2020-07-27,55.150001525878906,54.77000045776367,55.11000061035156,55.119998931884766,36300.0,51.768672943115234,CMBS,iShares CMBS Bond ETF
2020-07-28,55.349998474121094,54.61000061035156,55.040000915527344,54.86000061035156,25300.0,51.52446365356445,CMBS,iShares CMBS Bond ETF
2020-07-29,55.2599983215332,55.0,55.2599983215332,55.02000045776367,18000.0,51.674739837646484,CMBS,iShares CMBS Bond ETF
2020-07-30,55.61000061035156,55.029998779296875,55.290000915527344,55.56999969482422,299600.0,52.19130325317383,CMBS,iShares CMBS Bond ETF
2020-07-31,55.88999938964844,55.16999816894531,55.88999938964844,55.41999816894531,30600.0,52.05042266845703,CMBS,iShares CMBS Bond ETF
2020-08-03,55.470001220703125,55.209999084472656,55.31999969482422,55.290000915527344,52200.0,52.03349304199219,CMBS,iShares CMBS Bond ETF
2020-08-04,55.31999969482422,55.060001373291016,55.220001220703125,55.06999969482422,35900.0,51.82645034790039,CMBS,iShares CMBS Bond ETF
2020-08-05,55.40999984741211,55.099998474121094,55.130001068115234,55.2599983215332,26900.0,52.00525665283203,CMBS,iShares CMBS Bond ETF
2020-08-06,55.349998474121094,55.099998474121094,55.130001068115234,55.150001525878906,43000.0,51.9017333984375,CMBS,iShares CMBS Bond ETF
2020-08-07,55.369998931884766,55.13999938964844,55.150001525878906,55.36000061035156,71700.0,52.09935760498047,CMBS,iShares CMBS Bond ETF
2020-08-10,55.470001220703125,54.720001220703125,55.099998474121094,55.130001068115234,26100.0,51.88290786743164,CMBS,iShares CMBS Bond ETF
2020-08-11,55.31999969482422,54.970001220703125,55.040000915527344,55.209999084472656,44200.0,51.95820236206055,CMBS,iShares CMBS Bond ETF
2020-08-12,55.099998474121094,54.70000076293945,55.029998779296875,54.75,96800.0,51.525299072265625,CMBS,iShares CMBS Bond ETF
2020-08-13,55.04999923706055,54.5,55.04999923706055,54.970001220703125,17800.0,51.73234176635742,CMBS,iShares CMBS Bond ETF
2020-08-14,55.08000183105469,54.09000015258789,54.84000015258789,55.060001373291016,26000.0,51.81703567504883,CMBS,iShares CMBS Bond ETF
2020-08-17,55.349998474121094,54.77000045776367,54.86000061035156,55.16999816894531,108400.0,51.92055892944336,CMBS,iShares CMBS Bond ETF
2020-08-18,55.439998626708984,55.0099983215332,55.43000030517578,55.13999938964844,51000.0,51.8923225402832,CMBS,iShares CMBS Bond ETF
2020-08-19,55.52000045776367,55.0,55.15999984741211,55.220001220703125,45900.0,51.96760940551758,CMBS,iShares CMBS Bond ETF
2020-08-20,55.369998931884766,55.0,55.290000915527344,55.279998779296875,19700.0,52.024078369140625,CMBS,iShares CMBS Bond ETF
2020-08-21,55.279998779296875,55.02000045776367,55.25,55.27000045776367,13900.0,52.01466751098633,CMBS,iShares CMBS Bond ETF
2020-08-24,55.439998626708984,55.040000915527344,55.25,55.31999969482422,22100.0,52.06172180175781,CMBS,iShares CMBS Bond ETF
2020-08-25,55.540000915527344,55.099998474121094,55.220001220703125,55.369998931884766,157700.0,52.1087646484375,CMBS,iShares CMBS Bond ETF
2020-08-26,55.29999923706055,55.06999969482422,55.06999969482422,55.290000915527344,15600.0,52.03349304199219,CMBS,iShares CMBS Bond ETF
2020-08-27,55.59000015258789,54.95000076293945,55.27000045776367,55.18000030517578,31600.0,51.92996597290039,CMBS,iShares CMBS Bond ETF
2020-08-28,55.380001068115234,54.849998474121094,55.34000015258789,54.869998931884766,24100.0,51.638221740722656,CMBS,iShares CMBS Bond ETF
2020-08-31,55.2599983215332,55.029998779296875,55.029998779296875,55.209999084472656,23500.0,51.95820236206055,CMBS,iShares CMBS Bond ETF
2020-09-01,55.2599983215332,54.880001068115234,55.0,55.02000045776367,56000.0,51.882755279541016,CMBS,iShares CMBS Bond ETF
2020-09-02,55.290000915527344,55.040000915527344,55.040000915527344,55.279998779296875,597600.0,52.12793731689453,CMBS,iShares CMBS Bond ETF
2020-09-03,55.470001220703125,54.970001220703125,55.11000061035156,55.290000915527344,40500.0,52.13737106323242,CMBS,iShares CMBS Bond ETF
2020-09-04,55.380001068115234,55.06999969482422,55.08000183105469,55.15999984741211,24600.0,52.014774322509766,CMBS,iShares CMBS Bond ETF
2020-09-08,55.5099983215332,55.11000061035156,55.11000061035156,55.209999084472656,17600.0,52.061927795410156,CMBS,iShares CMBS Bond ETF
2020-09-09,55.4900016784668,55.04999923706055,55.15999984741211,55.369998931884766,16000.0,52.21279525756836,CMBS,iShares CMBS Bond ETF
2020-09-10,55.59000015258789,55.040000915527344,55.279998779296875,55.59000015258789,59000.0,52.42026138305664,CMBS,iShares CMBS Bond ETF
2020-09-11,55.369998931884766,55.029998779296875,55.33000183105469,55.13999938964844,17900.0,51.99591827392578,CMBS,iShares CMBS Bond ETF
2020-09-14,55.599998474121094,55.040000915527344,55.2599983215332,55.040000915527344,10000.0,51.9016227722168,CMBS,iShares CMBS Bond ETF
2020-09-15,55.56999969482422,55.099998474121094,55.16999816894531,55.52000045776367,173300.0,52.354244232177734,CMBS,iShares CMBS Bond ETF
2020-09-16,55.58000183105469,55.15999984741211,55.36000061035156,55.15999984741211,37700.0,52.014774322509766,CMBS,iShares CMBS Bond ETF
2020-09-17,55.52000045776367,55.279998779296875,55.36000061035156,55.400001525878906,14100.0,52.2411003112793,CMBS,iShares CMBS Bond ETF
2020-09-18,55.599998474121094,55.310001373291016,55.33000183105469,55.400001525878906,24500.0,52.2411003112793,CMBS,iShares CMBS Bond ETF
2020-09-21,55.59000015258789,55.20000076293945,55.20000076293945,55.59000015258789,236300.0,52.42026138305664,CMBS,iShares CMBS Bond ETF
2020-09-22,55.4900016784668,55.209999084472656,55.43000030517578,55.47999954223633,64400.0,52.3165283203125,CMBS,iShares CMBS Bond ETF
2020-09-23,55.599998474121094,55.16999816894531,55.439998626708984,55.59000015258789,54400.0,52.42026138305664,CMBS,iShares CMBS Bond ETF
2020-09-24,55.59000015258789,55.369998931884766,55.43000030517578,55.58000183105469,283000.0,52.41082763671875,CMBS,iShares CMBS Bond ETF
2020-09-25,55.599998474121094,55.41999816894531,55.41999816894531,55.540000915527344,83400.0,52.373111724853516,CMBS,iShares CMBS Bond ETF
2020-09-28,55.599998474121094,55.43000030517578,55.4900016784668,55.560001373291016,62800.0,52.391971588134766,CMBS,iShares CMBS Bond ETF
2020-09-29,55.560001373291016,55.2400016784668,55.529998779296875,55.52000045776367,36400.0,52.354244232177734,CMBS,iShares CMBS Bond ETF
2020-09-30,55.560001373291016,55.279998779296875,55.349998474121094,55.52000045776367,71700.0,52.354244232177734,CMBS,iShares CMBS Bond ETF
2020-10-01,55.290000915527344,55.08000183105469,55.09000015258789,55.189998626708984,45400.0,52.14826965332031,CMBS,iShares CMBS Bond ETF
2020-10-02,55.599998474121094,55.150001525878906,55.29999923706055,55.59000015258789,173900.0,52.52622985839844,CMBS,iShares CMBS Bond ETF
2020-10-05,55.59000015258789,55.11000061035156,55.58000183105469,55.25,27400.0,52.20496368408203,CMBS,iShares CMBS Bond ETF
2020-10-06,55.41999816894531,55.04999923706055,55.209999084472656,55.369998931884766,110500.0,52.31834030151367,CMBS,iShares CMBS Bond ETF
2020-10-07,55.599998474121094,55.150001525878906,55.290000915527344,55.18000030517578,37900.0,52.13882064819336,CMBS,iShares CMBS Bond ETF
2020-10-08,55.43000030517578,55.150001525878906,55.36000061035156,55.16999816894531,19700.0,52.129371643066406,CMBS,iShares CMBS Bond ETF
2020-10-09,55.36000061035156,55.09000015258789,55.29999923706055,55.09000015258789,19500.0,52.05378341674805,CMBS,iShares CMBS Bond ETF
2020-10-12,55.400001525878906,54.9900016784668,54.9900016784668,55.220001220703125,18500.0,52.17661666870117,CMBS,iShares CMBS Bond ETF
2020-10-13,55.34000015258789,55.119998931884766,55.279998779296875,55.22999954223633,25000.0,52.186058044433594,CMBS,iShares CMBS Bond ETF
2020-10-14,55.5,55.209999084472656,55.34000015258789,55.33000183105469,72900.0,52.28055953979492,CMBS,iShares CMBS Bond ETF
2020-10-15,55.4900016784668,55.11000061035156,55.4900016784668,55.279998779296875,30500.0,52.233306884765625,CMBS,iShares CMBS Bond ETF
2020-10-16,55.47999954223633,55.06999969482422,55.06999969482422,55.310001373291016,144400.0,52.26165771484375,CMBS,iShares CMBS Bond ETF
2020-10-19,55.58000183105469,55.189998626708984,55.189998626708984,55.58000183105469,56900.0,52.51676559448242,CMBS,iShares CMBS Bond ETF
2020-10-20,55.4900016784668,55.20000076293945,55.20000076293945,55.4900016784668,71100.0,52.43172836303711,CMBS,iShares CMBS Bond ETF
2020-10-21,55.54999923706055,54.599998474121094,54.599998474121094,55.279998779296875,70500.0,52.233306884765625,CMBS,iShares CMBS Bond ETF
2020-10-22,55.150001525878906,54.91999816894531,55.099998474121094,55.11000061035156,68900.0,52.07267379760742,CMBS,iShares CMBS Bond ETF
2020-10-23,55.150001525878906,54.75,55.08000183105469,55.119998931884766,21500.0,52.08212661743164,CMBS,iShares CMBS Bond ETF
2020-10-26,55.189998626708984,55.060001373291016,55.130001068115234,55.130001068115234,27100.0,52.091575622558594,CMBS,iShares CMBS Bond ETF
2020-10-27,55.369998931884766,54.970001220703125,54.970001220703125,55.119998931884766,29300.0,52.08212661743164,CMBS,iShares CMBS Bond ETF
2020-10-28,55.310001373291016,55.0,55.0,55.2599983215332,48200.0,52.21440505981445,CMBS,iShares CMBS Bond ETF
2020-10-29,55.220001220703125,55.060001373291016,55.220001220703125,55.11000061035156,37500.0,52.07267379760742,CMBS,iShares CMBS Bond ETF
2020-10-30,55.09000015258789,55.0,55.04999923706055,55.040000915527344,25600.0,52.006534576416016,CMBS,iShares CMBS Bond ETF
2020-11-02,55.11000061035156,54.7599983215332,54.93000030517578,54.7599983215332,26100.0,51.84746551513672,CMBS,iShares CMBS Bond ETF
2020-11-03,54.91999816894531,54.689998626708984,54.88999938964844,54.900001525878906,18000.0,51.98002243041992,CMBS,iShares CMBS Bond ETF
2020-11-04,55.0099983215332,54.439998626708984,54.88999938964844,54.81999969482422,295400.0,51.90427780151367,CMBS,iShares CMBS Bond ETF
2020-11-05,55.13999938964844,54.52000045776367,54.959999084472656,54.869998931884766,441500.0,51.95161819458008,CMBS,iShares CMBS Bond ETF
2020-11-06,55.08000183105469,54.939998626708984,55.060001373291016,54.959999084472656,27700.0,52.03683090209961,CMBS,iShares CMBS Bond ETF
2020-11-09,54.83000183105469,54.599998474121094,54.77000045776367,54.619998931884766,358000.0,51.71492004394531,CMBS,iShares CMBS Bond ETF
2020-11-10,54.84000015258789,54.68000030517578,54.75,54.77000045776367,29600.0,51.85693359375,CMBS,iShares CMBS Bond ETF
2020-11-11,54.93000030517578,54.72999954223633,54.7599983215332,54.83000183105469,33700.0,51.913753509521484,CMBS,iShares CMBS Bond ETF
2020-11-12,55.02000045776367,54.790000915527344,54.790000915527344,54.83000183105469,18600.0,51.913753509521484,CMBS,iShares CMBS Bond ETF
2020-11-13,55.08000183105469,54.90999984741211,54.97999954223633,55.029998779296875,33100.0,52.10312271118164,CMBS,iShares CMBS Bond ETF
2020-11-16,55.02000045776367,54.900001525878906,54.959999084472656,54.93000030517578,33600.0,52.008426666259766,CMBS,iShares CMBS Bond ETF
2020-11-17,55.040000915527344,54.72999954223633,54.939998626708984,55.02000045776367,34500.0,52.093631744384766,CMBS,iShares CMBS Bond ETF
2020-11-18,55.04999923706055,54.939998626708984,55.0099983215332,54.970001220703125,105100.0,52.04630661010742,CMBS,iShares CMBS Bond ETF
2020-11-19,55.150001525878906,55.0,55.150001525878906,55.040000915527344,22200.0,52.112579345703125,CMBS,iShares CMBS Bond ETF
2020-11-20,55.16999816894531,55.0099983215332,55.16999816894531,55.060001373291016,24700.0,52.13152313232422,CMBS,iShares CMBS Bond ETF
2020-11-23,55.150001525878906,55.060001373291016,55.119998931884766,55.13999938964844,23300.0,52.20725631713867,CMBS,iShares CMBS Bond ETF
2020-11-24,55.11000061035156,54.709999084472656,55.11000061035156,54.88999938964844,329600.0,51.97056198120117,CMBS,iShares CMBS Bond ETF
2020-11-25,55.09000015258789,54.869998931884766,54.900001525878906,55.040000915527344,41300.0,52.112579345703125,CMBS,iShares CMBS Bond ETF
2020-11-27,55.09000015258789,55.040000915527344,55.04999923706055,55.060001373291016,10800.0,52.13152313232422,CMBS,iShares CMBS Bond ETF
2020-11-30,55.2400016784668,55.040000915527344,55.18000030517578,55.22999954223633,32100.0,52.29247283935547,CMBS,iShares CMBS Bond ETF
2020-12-01,54.900001525878906,54.630001068115234,54.900001525878906,54.849998474121094,80100.0,52.23152542114258,CMBS,iShares CMBS Bond ETF
2020-12-02,54.790000915527344,54.650001525878906,54.779998779296875,54.779998779296875,54900.0,52.16485595703125,CMBS,iShares CMBS Bond ETF
2020-12-03,54.86000061035156,54.77000045776367,54.84000015258789,54.790000915527344,24200.0,52.17439270019531,CMBS,iShares CMBS Bond ETF
2020-12-04,54.869998931884766,54.779998779296875,54.83000183105469,54.86000061035156,24000.0,52.241050720214844,CMBS,iShares CMBS Bond ETF
2020-12-07,54.88999938964844,54.81999969482422,54.849998474121094,54.86000061035156,30900.0,52.241050720214844,CMBS,iShares CMBS Bond ETF
2020-12-08,55.029998779296875,54.869998931884766,54.939998626708984,54.959999084472656,16200.0,52.336273193359375,CMBS,iShares CMBS Bond ETF
2020-12-09,54.97999954223633,54.61000061035156,54.959999084472656,54.900001525878906,129900.0,52.279136657714844,CMBS,iShares CMBS Bond ETF
2020-12-10,55.13999938964844,54.83000183105469,55.0099983215332,55.13999938964844,91400.0,52.5076789855957,CMBS,iShares CMBS Bond ETF
2020-12-11,55.31999969482422,55.08000183105469,55.13999938964844,55.189998626708984,106800.0,52.555301666259766,CMBS,iShares CMBS Bond ETF
2020-12-14,55.2599983215332,55.130001068115234,55.130001068115234,55.16999816894531,35000.0,52.5362548828125,CMBS,iShares CMBS Bond ETF
2020-12-15,55.290000915527344,55.150001525878906,55.20000076293945,55.290000915527344,44200.0,52.6505241394043,CMBS,iShares CMBS Bond ETF
2020-12-16,55.40999984741211,55.15999984741211,55.22999954223633,55.31999969482422,64900.0,52.6790885925293,CMBS,iShares CMBS Bond ETF
2020-12-17,55.47999954223633,55.099998474121094,55.220001220703125,55.220001220703125,44100.0,52.6800422668457,CMBS,iShares CMBS Bond ETF
2020-12-18,55.27000045776367,55.189998626708984,55.220001220703125,55.209999084472656,37000.0,52.670509338378906,CMBS,iShares CMBS Bond ETF
2020-12-21,55.310001373291016,55.13999938964844,55.310001373291016,55.220001220703125,49900.0,52.6800422668457,CMBS,iShares CMBS Bond ETF
2020-12-22,55.380001068115234,55.15999984741211,55.27000045776367,55.209999084472656,56200.0,52.670509338378906,CMBS,iShares CMBS Bond ETF
2020-12-23,55.29999923706055,55.209999084472656,55.2400016784668,55.2400016784668,27800.0,52.699127197265625,CMBS,iShares CMBS Bond ETF
2020-12-24,55.369998931884766,55.20000076293945,55.2599983215332,55.22999954223633,21800.0,52.689579010009766,CMBS,iShares CMBS Bond ETF
2020-12-28,55.470001220703125,55.040000915527344,55.040000915527344,55.33000183105469,49900.0,52.78498840332031,CMBS,iShares CMBS Bond ETF
2020-12-29,55.45000076293945,55.0,55.0,55.2599983215332,15500.0,52.71820068359375,CMBS,iShares CMBS Bond ETF
2020-12-30,55.29999923706055,55.18000030517578,55.22999954223633,55.25,23900.0,52.70866012573242,CMBS,iShares CMBS Bond ETF
2020-12-31,55.439998626708984,55.220001220703125,55.27000045776367,55.33000183105469,50500.0,52.78498840332031,CMBS,iShares CMBS Bond ETF
2021-01-04,55.41999816894531,55.060001373291016,55.060001373291016,55.33000183105469,55100.0,52.78498840332031,CMBS,iShares CMBS Bond ETF
2021-01-05,55.5,55.34000015258789,55.5,55.380001068115234,34800.0,52.832679748535156,CMBS,iShares CMBS Bond ETF
2021-01-06,55.470001220703125,55.0099983215332,55.0099983215332,55.2400016784668,42300.0,52.699127197265625,CMBS,iShares CMBS Bond ETF
2021-01-07,55.22999954223633,54.90999984741211,54.90999984741211,55.029998779296875,262000.0,52.49879837036133,CMBS,iShares CMBS Bond ETF
2021-01-08,55.25,54.869998931884766,54.869998931884766,54.95000076293945,211600.0,52.42245864868164,CMBS,iShares CMBS Bond ETF
2021-01-11,55.18000030517578,54.83000183105469,54.95000076293945,54.93000030517578,33400.0,52.40338134765625,CMBS,iShares CMBS Bond ETF
2021-01-12,55.040000915527344,54.70000076293945,54.810001373291016,54.90999984741211,29400.0,52.38430404663086,CMBS,iShares CMBS Bond ETF
2021-01-13,54.9900016784668,54.79999923706055,54.88999938964844,54.84000015258789,55700.0,52.317527770996094,CMBS,iShares CMBS Bond ETF
2021-01-14,55.029998779296875,54.61000061035156,54.939998626708984,55.0,42000.0,52.47016143798828,CMBS,iShares CMBS Bond ETF
2021-01-15,55.16999816894531,54.7599983215332,54.939998626708984,55.0099983215332,54600.0,52.47970199584961,CMBS,iShares CMBS Bond ETF
2021-01-19,55.290000915527344,54.900001525878906,54.95000076293945,54.90999984741211,86300.0,52.38430404663086,CMBS,iShares CMBS Bond ETF
2021-01-20,55.209999084472656,54.95000076293945,54.95000076293945,55.20000076293945,48800.0,52.66096115112305,CMBS,iShares CMBS Bond ETF
2021-01-21,55.88999938964844,55.130001068115234,55.29999923706055,55.25,58700.0,52.70866012573242,CMBS,iShares CMBS Bond ETF
2021-01-22,55.29999923706055,55.060001373291016,55.290000915527344,55.209999084472656,138700.0,52.670509338378906,CMBS,iShares CMBS Bond ETF
2021-01-25,55.279998779296875,54.97999954223633,55.16999816894531,55.27000045776367,50300.0,52.72774124145508,CMBS,iShares CMBS Bond ETF
2021-01-26,55.5,55.2599983215332,55.2599983215332,55.369998931884766,115400.0,52.82313919067383,CMBS,iShares CMBS Bond ETF
2021-01-27,55.66999816894531,55.2400016784668,55.34000015258789,55.349998474121094,349500.0,52.80405807495117,CMBS,iShares CMBS Bond ETF
2021-01-28,55.380001068115234,55.2400016784668,55.34000015258789,55.33000183105469,37400.0,52.78498840332031,CMBS,iShares CMBS Bond ETF
2021-01-29,55.5,55.25,55.27000045776367,55.45000076293945,45100.0,52.899471282958984,CMBS,iShares CMBS Bond ETF
2021-02-01,55.849998474121094,55.15999984741211,55.849998474121094,55.18000030517578,78900.0,52.742706298828125,CMBS,iShares CMBS Bond ETF
2021-02-02,55.220001220703125,55.11000061035156,55.189998626708984,55.150001525878906,35800.0,52.71402359008789,CMBS,iShares CMBS Bond ETF
2021-02-03,55.220001220703125,55.060001373291016,55.15999984741211,55.11000061035156,62400.0,52.67580032348633,CMBS,iShares CMBS Bond ETF
2021-02-04,55.220001220703125,55.029998779296875,55.20000076293945,55.11000061035156,111800.0,52.67580032348633,CMBS,iShares CMBS Bond ETF
2021-02-05,55.209999084472656,54.90999984741211,55.11000061035156,54.97999954223633,100700.0,52.551536560058594,CMBS,iShares CMBS Bond ETF
2021-02-08,55.349998474121094,54.90999984741211,54.95000076293945,54.970001220703125,73400.0,52.54199981689453,CMBS,iShares CMBS Bond ETF
2021-02-09,55.130001068115234,54.93000030517578,54.97999954223633,55.02000045776367,131600.0,52.58977127075195,CMBS,iShares CMBS Bond ETF
2021-02-10,55.06999969482422,54.900001525878906,55.0,55.040000915527344,43600.0,52.6088981628418,CMBS,iShares CMBS Bond ETF
2021-02-11,55.290000915527344,55.04999923706055,55.099998474121094,55.060001373291016,81100.0,52.628013610839844,CMBS,iShares CMBS Bond ETF
2021-02-12,55.099998474121094,54.93000030517578,55.02000045776367,54.970001220703125,85700.0,52.54199981689453,CMBS,iShares CMBS Bond ETF
2021-02-16,55.08000183105469,54.79999923706055,54.869998931884766,54.93000030517578,248100.0,52.50374984741211,CMBS,iShares CMBS Bond ETF
2021-02-17,54.90999984741211,54.68000030517578,54.90999984741211,54.7599983215332,336300.0,52.34126281738281,CMBS,iShares CMBS Bond ETF
2021-02-18,54.88999938964844,54.779998779296875,54.779998779296875,54.849998474121094,125900.0,52.427284240722656,CMBS,iShares CMBS Bond ETF
2021-02-19,54.880001068115234,54.689998626708984,54.689998626708984,54.75,63500.0,52.331703186035156,CMBS,iShares CMBS Bond ETF
2021-02-22,54.900001525878906,54.599998474121094,54.77000045776367,54.720001220703125,56200.0,52.30302810668945,CMBS,iShares CMBS Bond ETF
2021-02-23,54.849998474121094,54.599998474121094,54.650001525878906,54.63999938964844,28500.0,52.226558685302734,CMBS,iShares CMBS Bond ETF
2021-02-24,54.66999816894531,54.5099983215332,54.630001068115234,54.54999923706055,70900.0,52.14053726196289,CMBS,iShares CMBS Bond ETF
2021-02-25,54.7599983215332,54.31999969482422,54.619998931884766,54.459999084472656,43600.0,52.05451583862305,CMBS,iShares CMBS Bond ETF
2021-02-26,54.81999969482422,54.25,54.56999969482422,54.34000015258789,71900.0,51.9398078918457,CMBS,iShares CMBS Bond ETF
2021-03-01,54.650001525878906,53.93000030517578,54.45000076293945,54.52000045776367,109400.0,52.209861755371094,CMBS,iShares CMBS Bond ETF
2021-03-02,54.59000015258789,54.36000061035156,54.36000061035156,54.380001068115234,34400.0,52.07578659057617,CMBS,iShares CMBS Bond ETF
2021-03-03,54.7400016784668,54.310001373291016,54.349998474121094,54.34000015258789,51100.0,52.0374870300293,CMBS,iShares CMBS Bond ETF
2021-03-04,54.81999969482422,53.91999816894531,54.31999969482422,54.15999984741211,46000.0,51.86511993408203,CMBS,iShares CMBS Bond ETF
2021-03-05,54.209999084472656,53.81999969482422,54.09000015258789,54.18000030517578,67900.0,51.88426971435547,CMBS,iShares CMBS Bond ETF
2021-03-08,54.52000045776367,54.040000915527344,54.130001068115234,54.08000183105469,43900.0,51.788509368896484,CMBS,iShares CMBS Bond ETF
2021-03-09,54.20000076293945,53.91999816894531,53.91999816894531,54.119998931884766,35100.0,51.826812744140625,CMBS,iShares CMBS Bond ETF
2021-03-10,54.2400016784668,54.130001068115234,54.209999084472656,54.15999984741211,59700.0,51.86511993408203,CMBS,iShares CMBS Bond ETF
2021-03-11,54.380001068115234,54.189998626708984,54.2599983215332,54.349998474121094,41400.0,52.04705810546875,CMBS,iShares CMBS Bond ETF
2021-03-12,54.5,54.029998779296875,54.5,54.150001525878906,47700.0,51.85553741455078,CMBS,iShares CMBS Bond ETF
2021-03-15,54.099998474121094,54.0099983215332,54.06999969482422,54.02000045776367,36500.0,51.73105239868164,CMBS,iShares CMBS Bond ETF
2021-03-16,54.150001525878906,54.029998779296875,54.06999969482422,54.04999923706055,31700.0,51.7597770690918,CMBS,iShares CMBS Bond ETF
2021-03-17,54.22999954223633,54.02000045776367,54.02000045776367,54.11000061035156,38600.0,51.81724166870117,CMBS,iShares CMBS Bond ETF
2021-03-18,53.9900016784668,53.52000045776367,53.970001220703125,53.939998626708984,100400.0,51.65442657470703,CMBS,iShares CMBS Bond ETF
2021-03-19,54.13999938964844,53.72999954223633,53.7599983215332,53.97999954223633,95800.0,51.69274139404297,CMBS,iShares CMBS Bond ETF
2021-03-22,53.970001220703125,53.75,53.75,53.970001220703125,26400.0,51.68316650390625,CMBS,iShares CMBS Bond ETF
2021-03-23,54.5,53.849998474121094,53.93000030517578,53.970001220703125,74300.0,51.68316650390625,CMBS,iShares CMBS Bond ETF
2021-03-24,54.400001525878906,53.939998626708984,53.97999954223633,53.9900016784668,59300.0,51.702327728271484,CMBS,iShares CMBS Bond ETF
2021-03-25,54.119998931884766,53.630001068115234,53.959999084472656,53.9900016784668,213700.0,51.702327728271484,CMBS,iShares CMBS Bond ETF
2021-03-26,54.11000061035156,53.93000030517578,53.939998626708984,53.939998626708984,48000.0,51.65442657470703,CMBS,iShares CMBS Bond ETF
2021-03-29,54.0,53.810001373291016,53.81999969482422,53.869998931884766,103600.0,51.587406158447266,CMBS,iShares CMBS Bond ETF
2021-03-30,54.02000045776367,53.72999954223633,53.72999954223633,53.869998931884766,656500.0,51.587406158447266,CMBS,iShares CMBS Bond ETF
2021-03-31,54.02000045776367,53.810001373291016,53.959999084472656,53.86000061035156,277700.0,51.57781982421875,CMBS,iShares CMBS Bond ETF
2021-04-01,53.95000076293945,53.650001525878906,53.709999084472656,53.72999954223633,148500.0,51.550968170166016,CMBS,iShares CMBS Bond ETF
2021-04-05,53.95000076293945,53.650001525878906,53.650001525878906,53.869998931884766,133700.0,51.68528747558594,CMBS,iShares CMBS Bond ETF
2021-04-06,54.380001068115234,53.810001373291016,53.810001373291016,53.939998626708984,180300.0,51.752445220947266,CMBS,iShares CMBS Bond ETF
2021-04-07,54.13999938964844,53.90999984741211,53.91999816894531,53.95000076293945,111200.0,51.76203918457031,CMBS,iShares CMBS Bond ETF
2021-04-08,54.16999816894531,53.900001525878906,54.0099983215332,53.93000030517578,67200.0,51.74285125732422,CMBS,iShares CMBS Bond ETF
2021-04-09,54.04999923706055,53.470001220703125,54.04999923706055,53.95000076293945,78100.0,51.76203918457031,CMBS,iShares CMBS Bond ETF
2021-04-12,54.25,53.849998474121094,53.939998626708984,53.939998626708984,101300.0,51.752445220947266,CMBS,iShares CMBS Bond ETF
2021-04-13,54.02000045776367,53.880001068115234,53.93000030517578,53.9900016784668,185800.0,51.8004264831543,CMBS,iShares CMBS Bond ETF
2021-04-14,54.119998931884766,53.7599983215332,53.970001220703125,54.099998474121094,64300.0,51.90596008300781,CMBS,iShares CMBS Bond ETF
2021-04-15,54.560001373291016,54.06999969482422,54.06999969482422,54.15999984741211,62200.0,51.96352005004883,CMBS,iShares CMBS Bond ETF
2021-04-16,54.29999923706055,53.689998626708984,54.22999954223633,54.209999084472656,88000.0,52.01150131225586,CMBS,iShares CMBS Bond ETF
2021-04-19,54.439998626708984,54.130001068115234,54.439998626708984,54.189998626708984,243500.0,51.992313385009766,CMBS,iShares CMBS Bond ETF
2021-04-20,54.33000183105469,54.0,54.0,54.040000915527344,158600.0,51.848384857177734,CMBS,iShares CMBS Bond ETF
2021-04-21,54.33000183105469,54.15999984741211,54.18000030517578,54.310001373291016,105300.0,52.107444763183594,CMBS,iShares CMBS Bond ETF
2021-04-22,54.349998474121094,54.189998626708984,54.310001373291016,54.22999954223633,182000.0,52.03068542480469,CMBS,iShares CMBS Bond ETF
2021-04-23,54.31999969482422,54.20000076293945,54.310001373291016,54.290000915527344,43300.0,52.088260650634766,CMBS,iShares CMBS Bond ETF
2021-04-26,54.29999923706055,54.11000061035156,54.29999923706055,54.29999923706055,188800.0,52.09785079956055,CMBS,iShares CMBS Bond ETF
2021-04-27,54.27000045776367,54.16999816894531,54.27000045776367,54.16999816894531,55500.0,51.97312927246094,CMBS,iShares CMBS Bond ETF
2021-04-28,54.380001068115234,54.06999969482422,54.380001068115234,54.150001525878906,69400.0,51.95392608642578,CMBS,iShares CMBS Bond ETF
2021-04-29,54.2400016784668,54.06999969482422,54.16999816894531,54.220001220703125,120300.0,52.021095275878906,CMBS,iShares CMBS Bond ETF
2021-04-30,54.22999954223633,54.099998474121094,54.209999084472656,54.16999816894531,73600.0,51.97312927246094,CMBS,iShares CMBS Bond ETF
2021-05-03,54.15999984741211,54.04999923706055,54.13999938964844,54.15999984741211,51100.0,52.063472747802734,CMBS,iShares CMBS Bond ETF
2021-05-04,54.2599983215332,54.150001525878906,54.150001525878906,54.22999954223633,73000.0,52.13077163696289,CMBS,iShares CMBS Bond ETF
2021-05-05,54.290000915527344,54.209999084472656,54.279998779296875,54.25,42300.0,52.149993896484375,CMBS,iShares CMBS Bond ETF
2021-05-06,54.310001373291016,54.22999954223633,54.2400016784668,54.27000045776367,80500.0,52.16922378540039,CMBS,iShares CMBS Bond ETF
2021-05-07,54.400001525878906,54.2400016784668,54.29999923706055,54.2599983215332,63800.0,52.159610748291016,CMBS,iShares CMBS Bond ETF
2021-05-10,54.41999816894531,54.29999923706055,54.400001525878906,54.34000015258789,40000.0,52.23651123046875,CMBS,iShares CMBS Bond ETF
2021-05-11,54.43000030517578,54.22999954223633,54.380001068115234,54.33000183105469,56800.0,52.226905822753906,CMBS,iShares CMBS Bond ETF
2021-05-12,54.349998474121094,54.08000183105469,54.2599983215332,54.09000015258789,82800.0,51.99618911743164,CMBS,iShares CMBS Bond ETF
2021-05-13,54.189998626708984,53.90999984741211,54.119998931884766,53.959999084472656,139300.0,51.871219635009766,CMBS,iShares CMBS Bond ETF
2021-05-14,54.16999816894531,53.970001220703125,54.08000183105469,54.04999923706055,89800.0,51.95773696899414,CMBS,iShares CMBS Bond ETF
2021-05-17,54.18000030517578,53.97999954223633,54.11000061035156,54.09000015258789,74600.0,51.99618911743164,CMBS,iShares CMBS Bond ETF
2021-05-18,54.189998626708984,54.06999969482422,54.09000015258789,54.189998626708984,88000.0,52.09231948852539,CMBS,iShares CMBS Bond ETF
2021-05-19,54.220001220703125,54.06999969482422,54.15999984741211,54.16999816894531,73900.0,52.07310485839844,CMBS,iShares CMBS Bond ETF
2021-05-20,54.36000061035156,54.029998779296875,54.130001068115234,54.290000915527344,107000.0,52.188453674316406,CMBS,iShares CMBS Bond ETF
2021-05-21,54.439998626708984,54.20000076293945,54.439998626708984,54.310001373291016,61400.0,52.20767593383789,CMBS,iShares CMBS Bond ETF
2021-05-24,54.38999938964844,54.189998626708984,54.38999938964844,54.290000915527344,84100.0,52.188453674316406,CMBS,iShares CMBS Bond ETF
2021-05-25,54.38999938964844,54.25,54.380001068115234,54.34000015258789,60800.0,52.23651123046875,CMBS,iShares CMBS Bond ETF
2021-05-26,54.4900016784668,54.43000030517578,54.47999954223633,54.45000076293945,80700.0,52.34225082397461,CMBS,iShares CMBS Bond ETF
2021-05-27,54.5099983215332,54.349998474121094,54.5099983215332,54.439998626708984,112000.0,52.332645416259766,CMBS,iShares CMBS Bond ETF
2021-05-28,54.439998626708984,54.369998931884766,54.400001525878906,54.38999938964844,60800.0,52.284576416015625,CMBS,iShares CMBS Bond ETF
2021-06-01,54.400001525878906,54.22999954223633,54.400001525878906,54.290000915527344,49200.0,52.28458023071289,CMBS,iShares CMBS Bond ETF
2021-06-02,54.310001373291016,54.2400016784668,54.290000915527344,54.25,60600.0,52.246055603027344,CMBS,iShares CMBS Bond ETF
2021-06-03,54.29999923706055,54.2599983215332,54.27000045776367,54.27000045776367,44000.0,52.26531982421875,CMBS,iShares CMBS Bond ETF
2021-06-04,54.47999954223633,54.22999954223633,54.47999954223633,54.27000045776367,90000.0,52.26531982421875,CMBS,iShares CMBS Bond ETF
2021-06-07,54.439998626708984,54.290000915527344,54.40999984741211,54.40999984741211,82700.0,52.400146484375,CMBS,iShares CMBS Bond ETF
2021-06-08,54.47999954223633,54.349998474121094,54.47999954223633,54.400001525878906,47200.0,52.39051055908203,CMBS,iShares CMBS Bond ETF
2021-06-09,54.5,54.380001068115234,54.45000076293945,54.380001068115234,61900.0,52.371246337890625,CMBS,iShares CMBS Bond ETF
2021-06-10,54.56999969482422,54.439998626708984,54.4900016784668,54.54999923706055,37200.0,52.53498077392578,CMBS,iShares CMBS Bond ETF
2021-06-11,54.869998931884766,54.54999923706055,54.869998931884766,54.54999923706055,52800.0,52.53498077392578,CMBS,iShares CMBS Bond ETF
2021-06-14,54.56999969482422,54.470001220703125,54.4900016784668,54.52000045776367,78900.0,52.506080627441406,CMBS,iShares CMBS Bond ETF
2021-06-15,54.54999923706055,54.45000076293945,54.52000045776367,54.4900016784668,51100.0,52.477195739746094,CMBS,iShares CMBS Bond ETF
2021-06-16,54.58000183105469,54.380001068115234,54.540000915527344,54.380001068115234,31900.0,52.371246337890625,CMBS,iShares CMBS Bond ETF
2021-06-17,54.380001068115234,54.220001220703125,54.380001068115234,54.33000183105469,85600.0,52.32310485839844,CMBS,iShares CMBS Bond ETF
2021-06-18,54.459999084472656,54.29999923706055,54.310001373291016,54.400001525878906,69800.0,52.39051055908203,CMBS,iShares CMBS Bond ETF
2021-06-21,54.54999923706055,54.400001525878906,54.470001220703125,54.540000915527344,107000.0,52.525352478027344,CMBS,iShares CMBS Bond ETF
2021-06-22,54.61000061035156,54.13999938964844,54.13999938964844,54.470001220703125,101900.0,52.45792770385742,CMBS,iShares CMBS Bond ETF
2021-06-23,54.52000045776367,54.36000061035156,54.5,54.439998626708984,44100.0,52.42903137207031,CMBS,iShares CMBS Bond ETF
2021-06-24,54.459999084472656,54.36000061035156,54.400001525878906,54.400001525878906,48400.0,52.39051055908203,CMBS,iShares CMBS Bond ETF
2021-06-25,54.5099983215332,54.33000183105469,54.36000061035156,54.400001525878906,137400.0,52.39051055908203,CMBS,iShares CMBS Bond ETF
2021-06-28,54.34000015258789,54.150001525878906,54.29999923706055,54.27000045776367,98800.0,52.26531982421875,CMBS,iShares CMBS Bond ETF
2021-06-29,54.38999938964844,54.2400016784668,54.2599983215332,54.36000061035156,97400.0,52.351993560791016,CMBS,iShares CMBS Bond ETF
2021-06-30,54.459999084472656,54.34000015258789,54.369998931884766,54.380001068115234,108700.0,52.371246337890625,CMBS,iShares CMBS Bond ETF
2021-07-01,54.369998931884766,54.18000030517578,54.33000183105469,54.31999969482422,121100.0,52.40212631225586,CMBS,iShares CMBS Bond ETF
2021-07-02,54.5,54.220001220703125,54.2599983215332,54.40999984741211,74100.0,52.48894500732422,CMBS,iShares CMBS Bond ETF
2021-07-06,54.560001373291016,54.36000061035156,54.36000061035156,54.43000030517578,96300.0,52.50823974609375,CMBS,iShares CMBS Bond ETF
2021-07-07,54.599998474121094,54.5099983215332,54.529998779296875,54.599998474121094,399400.0,52.6722412109375,CMBS,iShares CMBS Bond ETF
2021-07-08,54.7599983215332,54.61000061035156,54.630001068115234,54.720001220703125,87900.0,52.78801345825195,CMBS,iShares CMBS Bond ETF
2021-07-09,54.77000045776367,54.630001068115234,54.72999954223633,54.68000030517578,81400.0,52.749412536621094,CMBS,iShares CMBS Bond ETF
2021-07-12,54.56999969482422,54.349998474121094,54.54999923706055,54.54999923706055,85600.0,52.62400817871094,CMBS,iShares CMBS Bond ETF
2021-07-13,54.560001373291016,54.40999984741211,54.52000045776367,54.40999984741211,70900.0,52.48894500732422,CMBS,iShares CMBS Bond ETF
2021-07-14,54.5,54.34000015258789,54.40999984741211,54.5,37400.0,52.575767517089844,CMBS,iShares CMBS Bond ETF
2021-07-15,54.619998931884766,54.43000030517578,54.4900016784668,54.52000045776367,34700.0,52.59506607055664,CMBS,iShares CMBS Bond ETF
2021-07-16,54.689998626708984,54.529998779296875,54.599998474121094,54.560001373291016,104700.0,52.633644104003906,CMBS,iShares CMBS Bond ETF
2021-07-19,54.790000915527344,54.54999923706055,54.70000076293945,54.7599983215332,136900.0,52.82658386230469,CMBS,iShares CMBS Bond ETF
2021-07-20,55.02000045776367,54.900001525878906,54.970001220703125,54.939998626708984,100500.0,53.00023651123047,CMBS,iShares CMBS Bond ETF
2021-07-21,55.150001525878906,54.720001220703125,55.150001525878906,54.869998931884766,55000.0,52.932701110839844,CMBS,iShares CMBS Bond ETF
2021-07-22,54.86000061035156,54.65999984741211,54.86000061035156,54.7400016784668,40700.0,52.80729675292969,CMBS,iShares CMBS Bond ETF
2021-07-23,54.900001525878906,54.650001525878906,54.900001525878906,54.72999954223633,69800.0,52.79764938354492,CMBS,iShares CMBS Bond ETF
2021-07-26,54.7599983215332,54.66999816894531,54.709999084472656,54.7400016784668,53000.0,52.80729675292969,CMBS,iShares CMBS Bond ETF
2021-07-27,54.869998931884766,54.709999084472656,54.720001220703125,54.720001220703125,38900.0,52.78801345825195,CMBS,iShares CMBS Bond ETF
2021-07-28,54.88999938964844,54.77000045776367,54.790000915527344,54.86000061035156,65800.0,52.923057556152344,CMBS,iShares CMBS Bond ETF
2021-07-29,54.83000183105469,54.66999816894531,54.79999923706055,54.689998626708984,91400.0,52.759063720703125,CMBS,iShares CMBS Bond ETF
2021-07-30,54.75,54.599998474121094,54.66999816894531,54.709999084472656,88800.0,52.778358459472656,CMBS,iShares CMBS Bond ETF
2021-08-02,54.84000015258789,54.61000061035156,54.84000015258789,54.65999984741211,66600.0,52.824737548828125,CMBS,iShares CMBS Bond ETF
2021-08-03,54.900001525878906,54.65999984741211,54.810001373291016,54.810001373291016,141500.0,52.96970748901367,CMBS,iShares CMBS Bond ETF
2021-08-04,54.91999816894531,54.709999084472656,54.88999938964844,54.810001373291016,42300.0,52.96970748901367,CMBS,iShares CMBS Bond ETF
2021-08-05,54.779998779296875,54.65999984741211,54.7599983215332,54.77000045776367,46400.0,52.93104934692383,CMBS,iShares CMBS Bond ETF
2021-08-06,54.65999984741211,54.599998474121094,54.630001068115234,54.63999938964844,52300.0,52.8054084777832,CMBS,iShares CMBS Bond ETF
2021-08-09,54.63999938964844,54.400001525878906,54.63999938964844,54.529998779296875,59200.0,52.6991081237793,CMBS,iShares CMBS Bond ETF
2021-08-10,54.560001373291016,54.36000061035156,54.540000915527344,54.5099983215332,62000.0,52.67978286743164,CMBS,iShares CMBS Bond ETF
2021-08-11,54.5,54.27000045776367,54.5,54.439998626708984,77000.0,52.612125396728516,CMBS,iShares CMBS Bond ETF
2021-08-12,54.5099983215332,54.27000045776367,54.45000076293945,54.5,51500.0,52.67011260986328,CMBS,iShares CMBS Bond ETF
2021-08-13,54.5099983215332,54.349998474121094,54.5099983215332,54.47999954223633,63500.0,52.650779724121094,CMBS,iShares CMBS Bond ETF
2021-08-16,54.689998626708984,54.56999969482422,54.59000015258789,54.58000183105469,59200.0,52.74742889404297,CMBS,iShares CMBS Bond ETF
2021-08-17,54.689998626708984,54.58000183105469,54.63999938964844,54.66999816894531,52200.0,52.83439636230469,CMBS,iShares CMBS Bond ETF
2021-08-18,54.65999984741211,54.54999923706055,54.63999938964844,54.58000183105469,45400.0,52.74742889404297,CMBS,iShares CMBS Bond ETF
2021-08-19,54.689998626708984,54.56999969482422,54.63999938964844,54.61000061035156,62500.0,52.77642822265625,CMBS,iShares CMBS Bond ETF
2021-08-20,54.68000030517578,54.58000183105469,54.65999984741211,54.68000030517578,27300.0,52.84407043457031,CMBS,iShares CMBS Bond ETF
2021-08-23,54.65999984741211,54.59000015258789,54.599998474121094,54.59000015258789,66400.0,52.75709915161133,CMBS,iShares CMBS Bond ETF
2021-08-24,55.029998779296875,54.5,54.5,54.599998474121094,67900.0,52.766754150390625,CMBS,iShares CMBS Bond ETF
2021-08-25,54.59000015258789,54.47999954223633,54.56999969482422,54.54999923706055,80100.0,52.71843338012695,CMBS,iShares CMBS Bond ETF
2021-08-26,54.470001220703125,54.29999923706055,54.29999923706055,54.459999084472656,137400.0,52.63145065307617,CMBS,iShares CMBS Bond ETF
2021-08-27,54.599998474121094,54.310001373291016,54.310001373291016,54.470001220703125,41500.0,52.64112854003906,CMBS,iShares CMBS Bond ETF
2021-08-30,54.72999954223633,54.41999816894531,54.54999923706055,54.630001068115234,73800.0,52.795745849609375,CMBS,iShares CMBS Bond ETF
2021-08-31,54.709999084472656,54.5099983215332,54.5099983215332,54.68000030517578,56800.0,52.84407043457031,CMBS,iShares CMBS Bond ETF
2021-09-01,54.619998931884766,54.4900016784668,54.4900016784668,54.560001373291016,84000.0,52.81987380981445,CMBS,iShares CMBS Bond ETF
2021-09-02,54.58000183105469,54.47999954223633,54.5,54.47999954223633,66900.0,52.74241256713867,CMBS,iShares CMBS Bond ETF
2021-09-03,54.540000915527344,54.400001525878906,54.470001220703125,54.5099983215332,41300.0,52.771461486816406,CMBS,iShares CMBS Bond ETF
2021-09-07,54.45000076293945,54.34000015258789,54.439998626708984,54.34000015258789,71400.0,52.60688400268555,CMBS,iShares CMBS Bond ETF
2021-09-08,54.439998626708984,54.349998474121094,54.38999938964844,54.40999984741211,25900.0,52.67465591430664,CMBS,iShares CMBS Bond ETF
2021-09-09,54.52000045776367,54.34000015258789,54.459999084472656,54.349998474121094,84400.0,52.6165657043457,CMBS,iShares CMBS Bond ETF
2021-09-10,54.5,54.36000061035156,54.5,54.400001525878906,104100.0,52.66496276855469,CMBS,iShares CMBS Bond ETF
2021-09-13,54.5099983215332,54.380001068115234,54.41999816894531,54.40999984741211,55300.0,52.67465591430664,CMBS,iShares CMBS Bond ETF
2021-09-14,54.529998779296875,54.380001068115234,54.400001525878906,54.470001220703125,49700.0,52.73273468017578,CMBS,iShares CMBS Bond ETF
2021-09-15,54.540000915527344,54.38999938964844,54.38999938964844,54.540000915527344,56900.0,52.800506591796875,CMBS,iShares CMBS Bond ETF
2021-09-16,54.45000076293945,54.15999984741211,54.15999984741211,54.400001525878906,475100.0,52.66496276855469,CMBS,iShares CMBS Bond ETF
2021-09-17,54.38999938964844,54.2599983215332,54.349998474121094,54.34000015258789,37800.0,52.60688400268555,CMBS,iShares CMBS Bond ETF
2021-09-20,54.369998931884766,54.220001220703125,54.2599983215332,54.29999923706055,158300.0,52.568153381347656,CMBS,iShares CMBS Bond ETF
2021-09-21,54.459999084472656,54.18000030517578,54.380001068115234,54.380001068115234,79500.0,52.64561462402344,CMBS,iShares CMBS Bond ETF
2021-09-22,54.540000915527344,54.310001373291016,54.540000915527344,54.41999816894531,71800.0,52.684326171875,CMBS,iShares CMBS Bond ETF
2021-09-23,54.380001068115234,54.27000045776367,54.349998474121094,54.27000045776367,78400.0,52.53911590576172,CMBS,iShares CMBS Bond ETF
2021-09-24,54.349998474121094,54.11000061035156,54.349998474121094,54.18000030517578,72500.0,52.45198440551758,CMBS,iShares CMBS Bond ETF
2021-09-27,54.099998474121094,53.9900016784668,54.0099983215332,54.060001373291016,65500.0,52.335811614990234,CMBS,iShares CMBS Bond ETF
2021-09-28,54.099998474121094,53.959999084472656,54.0,54.0099983215332,45800.0,52.28740692138672,CMBS,iShares CMBS Bond ETF
2021-09-29,54.279998779296875,53.869998931884766,54.279998779296875,53.97999954223633,36800.0,52.258358001708984,CMBS,iShares CMBS Bond ETF
2021-09-30,54.060001373291016,53.900001525878906,53.95000076293945,54.060001373291016,82100.0,52.335811614990234,CMBS,iShares CMBS Bond ETF
2021-10-01,54.04999923706055,53.79999923706055,54.0,53.900001525878906,86500.0,52.27762222290039,CMBS,iShares CMBS Bond ETF
2021-10-04,54.15999984741211,53.88999938964844,53.88999938964844,54.13999938964844,93100.0,52.51039123535156,CMBS,iShares CMBS Bond ETF
2021-10-05,54.189998626708984,53.959999084472656,54.189998626708984,54.04999923706055,60100.0,52.423099517822266,CMBS,iShares CMBS Bond ETF
2021-10-06,54.08000183105469,53.91999816894531,53.95000076293945,53.97999954223633,50600.0,52.35520553588867,CMBS,iShares CMBS Bond ETF
2021-10-07,54.060001373291016,53.790000915527344,53.970001220703125,53.790000915527344,105900.0,52.170928955078125,CMBS,iShares CMBS Bond ETF
2021-10-08,54.099998474121094,53.689998626708984,53.790000915527344,53.79999923706055,162200.0,52.180625915527344,CMBS,iShares CMBS Bond ETF
2021-10-11,53.83000183105469,53.61000061035156,53.68000030517578,53.619998931884766,174600.0,52.006038665771484,CMBS,iShares CMBS Bond ETF
2021-10-12,53.790000915527344,53.68000030517578,53.70000076293945,53.7599983215332,32100.0,52.14182662963867,CMBS,iShares CMBS Bond ETF
2021-10-13,53.900001525878906,53.68000030517578,53.75,53.7400016784668,68700.0,52.122432708740234,CMBS,iShares CMBS Bond ETF
2021-10-14,53.83000183105469,53.66999816894531,53.77000045776367,53.66999816894531,70800.0,52.05454635620117,CMBS,iShares CMBS Bond ETF
2021-10-15,53.939998626708984,53.720001220703125,53.77000045776367,53.72999954223633,133400.0,52.112728118896484,CMBS,iShares CMBS Bond ETF
2021-10-18,53.779998779296875,53.59000015258789,53.70000076293945,53.70000076293945,79600.0,52.08363342285156,CMBS,iShares CMBS Bond ETF
2021-10-19,53.79999923706055,53.56999969482422,53.630001068115234,53.79999923706055,190500.0,52.180625915527344,CMBS,iShares CMBS Bond ETF
2021-10-20,53.70000076293945,53.5099983215332,53.54999923706055,53.54999923706055,171800.0,51.938148498535156,CMBS,iShares CMBS Bond ETF
2021-10-21,53.59000015258789,53.459999084472656,53.52000045776367,53.58000183105469,252500.0,51.96724319458008,CMBS,iShares CMBS Bond ETF
2021-10-22,53.47999954223633,53.380001068115234,53.45000076293945,53.45000076293945,79300.0,51.84116744995117,CMBS,iShares CMBS Bond ETF
2021-10-25,53.599998474121094,53.470001220703125,53.59000015258789,53.540000915527344,35100.0,51.9284553527832,CMBS,iShares CMBS Bond ETF
2021-10-26,53.59000015258789,53.439998626708984,53.58000183105469,53.4900016784668,39300.0,51.87996292114258,CMBS,iShares CMBS Bond ETF
2021-10-27,53.7599983215332,53.47999954223633,53.619998931884766,53.709999084472656,266700.0,52.09333419799805,CMBS,iShares CMBS Bond ETF
2021-10-28,53.97999954223633,53.65999984741211,53.97999954223633,53.7400016784668,74100.0,52.122432708740234,CMBS,iShares CMBS Bond ETF
2021-10-29,53.849998474121094,53.68000030517578,53.709999084472656,53.689998626708984,92800.0,52.073936462402344,CMBS,iShares CMBS Bond ETF
2021-11-01,53.689998626708984,53.540000915527344,53.540000915527344,53.66999816894531,47100.0,52.147789001464844,CMBS,iShares CMBS Bond ETF
2021-11-02,53.63999938964844,53.470001220703125,53.599998474121094,53.5,94900.0,51.98260498046875,CMBS,iShares CMBS Bond ETF
2021-11-03,53.709999084472656,53.47999954223633,53.560001373291016,53.56999969482422,56200.0,52.05062484741211,CMBS,iShares CMBS Bond ETF
2021-11-04,53.689998626708984,53.5,53.52000045776367,53.599998474121094,69200.0,52.07976531982422,CMBS,iShares CMBS Bond ETF
2021-11-05,53.79999923706055,53.630001068115234,53.70000076293945,53.77000045776367,67200.0,52.24494171142578,CMBS,iShares CMBS Bond ETF
2021-11-08,53.88999938964844,53.7599983215332,53.79999923706055,53.810001373291016,58400.0,52.2838134765625,CMBS,iShares CMBS Bond ETF
2021-11-09,53.900001525878906,53.72999954223633,53.900001525878906,53.79999923706055,35900.0,52.27409362792969,CMBS,iShares CMBS Bond ETF
2021-11-10,53.849998474121094,53.650001525878906,53.81999969482422,53.70000076293945,77200.0,52.17692565917969,CMBS,iShares CMBS Bond ETF
2021-11-11,53.70000076293945,53.470001220703125,53.70000076293945,53.4900016784668,25800.0,51.9728889465332,CMBS,iShares CMBS Bond ETF
2021-11-12,53.650001525878906,53.459999084472656,53.540000915527344,53.560001373291016,43900.0,52.04090118408203,CMBS,iShares CMBS Bond ETF
2021-11-15,53.599998474121094,53.38999938964844,53.58000183105469,53.459999084472656,33400.0,51.94374465942383,CMBS,iShares CMBS Bond ETF
2021-11-16,53.41999816894531,52.970001220703125,52.970001220703125,53.380001068115234,47900.0,51.866004943847656,CMBS,iShares CMBS Bond ETF
2021-11-17,53.41999816894531,53.310001373291016,53.34000015258789,53.40999984741211,85600.0,51.89515686035156,CMBS,iShares CMBS Bond ETF
2021-11-18,53.650001525878906,53.400001525878906,53.40999984741211,53.470001220703125,70600.0,51.95345687866211,CMBS,iShares CMBS Bond ETF
2021-11-19,53.599998474121094,53.40999984741211,53.52000045776367,53.459999084472656,43400.0,51.94374465942383,CMBS,iShares CMBS Bond ETF
2021-11-22,53.459999084472656,53.27000045776367,53.439998626708984,53.29999923706055,107900.0,51.788272857666016,CMBS,iShares CMBS Bond ETF
2021-11-23,53.220001220703125,53.060001373291016,53.209999084472656,53.060001373291016,59000.0,51.555084228515625,CMBS,iShares CMBS Bond ETF
2021-11-24,53.16999816894531,53.0099983215332,53.09000015258789,53.11000061035156,55100.0,51.603668212890625,CMBS,iShares CMBS Bond ETF
2021-11-26,53.59000015258789,53.2599983215332,53.540000915527344,53.52000045776367,55200.0,52.00202941894531,CMBS,iShares CMBS Bond ETF
2021-11-29,53.58000183105469,53.400001525878906,53.5,53.40999984741211,98500.0,51.89515686035156,CMBS,iShares CMBS Bond ETF
2021-11-30,53.959999084472656,53.380001068115234,53.619998931884766,53.68000030517578,643800.0,52.15750503540039,CMBS,iShares CMBS Bond ETF
2021-12-01,53.439998626708984,52.970001220703125,53.2400016784668,53.400001525878906,101000.0,52.094093322753906,CMBS,iShares CMBS Bond ETF
2021-12-02,53.34000015258789,53.220001220703125,53.310001373291016,53.25,84100.0,51.947750091552734,CMBS,iShares CMBS Bond ETF
2021-12-03,53.5099983215332,53.189998626708984,53.20000076293945,53.5,53700.0,52.19164276123047,CMBS,iShares CMBS Bond ETF
2021-12-06,53.470001220703125,53.279998779296875,53.369998931884766,53.29999923706055,190600.0,51.99653244018555,CMBS,iShares CMBS Bond ETF
2021-12-07,53.36000061035156,53.09000015258789,53.29999923706055,53.13999938964844,60300.0,51.840450286865234,CMBS,iShares CMBS Bond ETF
2021-12-08,53.16999816894531,52.9900016784668,53.040000915527344,53.0099983215332,118600.0,51.713619232177734,CMBS,iShares CMBS Bond ETF
2021-12-09,53.16999816894531,53.0099983215332,53.08000183105469,53.0099983215332,80200.0,51.713619232177734,CMBS,iShares CMBS Bond ETF
2021-12-10,53.279998779296875,53.04999923706055,53.119998931884766,53.13999938964844,122400.0,51.840450286865234,CMBS,iShares CMBS Bond ETF
2021-12-13,53.2400016784668,53.119998931884766,53.16999816894531,53.220001220703125,48500.0,51.918487548828125,CMBS,iShares CMBS Bond ETF
2021-12-14,53.34000015258789,53.18000030517578,53.220001220703125,53.2400016784668,59300.0,51.9379997253418,CMBS,iShares CMBS Bond ETF
2021-12-15,53.27000045776367,53.029998779296875,53.189998626708984,53.189998626708984,70100.0,51.889225006103516,CMBS,iShares CMBS Bond ETF
2021-12-16,53.400001525878906,53.130001068115234,53.22999954223633,53.34000015258789,115900.0,52.130619049072266,CMBS,iShares CMBS Bond ETF
2021-12-17,53.459999084472656,53.08000183105469,53.36000061035156,53.22999954223633,184800.0,52.02311706542969,CMBS,iShares CMBS Bond ETF
2021-12-20,53.65999984741211,53.310001373291016,53.65999984741211,53.349998474121094,45000.0,52.1403923034668,CMBS,iShares CMBS Bond ETF
2021-12-21,53.45000076293945,53.08000183105469,53.45000076293945,53.279998779296875,166400.0,52.07197952270508,CMBS,iShares CMBS Bond ETF
2021-12-22,53.33000183105469,53.099998474121094,53.33000183105469,53.16999816894531,59300.0,51.9644775390625,CMBS,iShares CMBS Bond ETF
2021-12-23,53.20000076293945,53.08000183105469,53.150001525878906,53.11000061035156,69000.0,51.90584182739258,CMBS,iShares CMBS Bond ETF
2021-12-27,53.20000076293945,53.0,53.20000076293945,53.09000015258789,38300.0,51.886287689208984,CMBS,iShares CMBS Bond ETF
2021-12-28,53.20000076293945,53.02000045776367,53.130001068115234,53.11000061035156,69400.0,51.90584182739258,CMBS,iShares CMBS Bond ETF
2021-12-29,53.16999816894531,53.040000915527344,53.04999923706055,53.13999938964844,87300.0,51.93516159057617,CMBS,iShares CMBS Bond ETF
2021-12-30,53.08000183105469,52.95000076293945,53.06999969482422,52.97999954223633,714600.0,51.77878952026367,CMBS,iShares CMBS Bond ETF
2021-12-31,53.06999969482422,52.95000076293945,53.040000915527344,53.029998779296875,294300.0,51.82765197753906,CMBS,iShares CMBS Bond ETF
2022-01-03,52.91999816894531,52.75,52.81999969482422,52.810001373291016,85600.0,51.612640380859375,CMBS,iShares CMBS Bond ETF
2022-01-04,52.790000915527344,52.529998779296875,52.72999954223633,52.66999816894531,131000.0,51.475807189941406,CMBS,iShares CMBS Bond ETF
2022-01-05,52.869998931884766,52.54999923706055,52.75,52.58000183105469,86300.0,51.38786315917969,CMBS,iShares CMBS Bond ETF
2022-01-06,52.56999969482422,52.36000061035156,52.540000915527344,52.400001525878906,490100.0,51.21193313598633,CMBS,iShares CMBS Bond ETF
2022-01-07,52.540000915527344,52.29999923706055,52.4900016784668,52.33000183105469,99800.0,51.143524169921875,CMBS,iShares CMBS Bond ETF
2022-01-10,52.380001068115234,52.310001373291016,52.369998931884766,52.36000061035156,90400.0,51.1728401184082,CMBS,iShares CMBS Bond ETF
2022-01-11,52.45000076293945,52.27000045776367,52.34000015258789,52.45000076293945,43100.0,51.26080322265625,CMBS,iShares CMBS Bond ETF
2022-01-12,52.52000045776367,52.380001068115234,52.5,52.47999954223633,71100.0,51.29011535644531,CMBS,iShares CMBS Bond ETF
2022-01-13,52.56999969482422,52.36000061035156,52.470001220703125,52.560001373291016,63700.0,51.36831283569336,CMBS,iShares CMBS Bond ETF
2022-01-14,52.58000183105469,52.310001373291016,52.380001068115234,52.40999984741211,59600.0,51.221710205078125,CMBS,iShares CMBS Bond ETF
2022-01-18,52.29999923706055,52.04999923706055,52.29999923706055,52.18000030517578,109200.0,50.99692153930664,CMBS,iShares CMBS Bond ETF
2022-01-19,52.40999984741211,52.13999938964844,52.29999923706055,52.40999984741211,197500.0,51.221710205078125,CMBS,iShares CMBS Bond ETF
2022-01-20,52.470001220703125,52.189998626708984,52.29999923706055,52.380001068115234,152000.0,51.1923942565918,CMBS,iShares CMBS Bond ETF
2022-01-21,52.52000045776367,52.349998474121094,52.400001525878906,52.459999084472656,84200.0,51.270572662353516,CMBS,iShares CMBS Bond ETF
2022-01-24,52.58000183105469,52.27000045776367,52.56999969482422,52.31999969482422,160600.0,51.13374328613281,CMBS,iShares CMBS Bond ETF
2022-01-25,52.560001373291016,52.349998474121094,52.400001525878906,52.47999954223633,90200.0,51.29011535644531,CMBS,iShares CMBS Bond ETF
2022-01-26,52.439998626708984,52.06999969482422,52.439998626708984,52.099998474121094,77900.0,50.918731689453125,CMBS,iShares CMBS Bond ETF
2022-01-27,52.22999954223633,51.97999954223633,52.150001525878906,52.02000045776367,169100.0,50.840545654296875,CMBS,iShares CMBS Bond ETF
2022-01-28,52.290000915527344,52.130001068115234,52.130001068115234,52.27000045776367,430400.0,51.08488845825195,CMBS,iShares CMBS Bond ETF
2022-01-31,52.45000076293945,52.16999816894531,52.18000030517578,52.34000015258789,134500.0,51.15329360961914,CMBS,iShares CMBS Bond ETF
2022-02-01,52.33000183105469,52.11000061035156,52.33000183105469,52.209999084472656,51400.0,51.1190299987793,CMBS,iShares CMBS Bond ETF
2022-02-02,52.38999938964844,51.86000061035156,52.18000030517578,52.189998626708984,102000.0,51.09944534301758,CMBS,iShares CMBS Bond ETF
2022-02-03,52.189998626708984,52.029998779296875,52.099998474121094,52.08000183105469,39900.0,50.99174499511719,CMBS,iShares CMBS Bond ETF
2022-02-04,52.0,51.779998779296875,52.0,51.790000915527344,32200.0,50.707801818847656,CMBS,iShares CMBS Bond ETF
2022-02-07,51.849998474121094,51.59000015258789,51.849998474121094,51.619998931884766,136900.0,50.541358947753906,CMBS,iShares CMBS Bond ETF
2022-02-08,51.7599983215332,51.56999969482422,51.72999954223633,51.58000183105469,149800.0,50.50218963623047,CMBS,iShares CMBS Bond ETF
2022-02-09,51.77000045776367,51.52000045776367,51.689998626708984,51.599998474121094,186100.0,50.521766662597656,CMBS,iShares CMBS Bond ETF
2022-02-10,51.54999923706055,51.20000076293945,51.31999969482422,51.20000076293945,130300.0,50.1301383972168,CMBS,iShares CMBS Bond ETF
2022-02-11,51.54999923706055,51.130001068115234,51.45000076293945,51.47999954223633,258600.0,50.4042854309082,CMBS,iShares CMBS Bond ETF
2022-02-14,51.400001525878906,51.220001220703125,51.33000183105469,51.22999954223633,139400.0,50.15951156616211,CMBS,iShares CMBS Bond ETF
2022-02-15,51.349998474121094,51.18000030517578,51.33000183105469,51.22999954223633,78700.0,50.15951156616211,CMBS,iShares CMBS Bond ETF
2022-02-16,51.31999969482422,51.15999984741211,51.209999084472656,51.22999954223633,57500.0,50.15951156616211,CMBS,iShares CMBS Bond ETF
2022-02-17,51.41999816894531,51.2599983215332,51.33000183105469,51.349998474121094,213000.0,50.277000427246094,CMBS,iShares CMBS Bond ETF
2022-02-18,51.45000076293945,51.290000915527344,51.369998931884766,51.36000061035156,58700.0,50.28679275512695,CMBS,iShares CMBS Bond ETF
2022-02-22,51.369998931884766,51.2400016784668,51.2599983215332,51.310001373291016,70100.0,50.237831115722656,CMBS,iShares CMBS Bond ETF
2022-02-23,51.33000183105469,51.150001525878906,51.18000030517578,51.18000030517578,67200.0,50.11055374145508,CMBS,iShares CMBS Bond ETF
2022-02-24,51.45000076293945,51.20000076293945,51.38999938964844,51.27000045776367,90600.0,50.19866943359375,CMBS,iShares CMBS Bond ETF
2022-02-25,51.20000076293945,50.959999084472656,51.20000076293945,51.18000030517578,53400.0,50.11055374145508,CMBS,iShares CMBS Bond ETF
2022-02-28,51.5,51.20000076293945,51.20000076293945,51.38999938964844,52200.0,50.31615447998047,CMBS,iShares CMBS Bond ETF
2022-03-01,51.86000061035156,51.540000915527344,51.54999923706055,51.7599983215332,40800.0,50.7752571105957,CMBS,iShares CMBS Bond ETF
2022-03-02,51.58000183105469,51.209999084472656,51.58000183105469,51.209999084472656,55600.0,50.235721588134766,CMBS,iShares CMBS Bond ETF
2022-03-03,51.279998779296875,51.09000015258789,51.11000061035156,51.220001220703125,95000.0,50.24553298950195,CMBS,iShares CMBS Bond ETF
2022-03-04,51.709999084472656,51.369998931884766,51.369998931884766,51.470001220703125,94800.0,50.49077606201172,CMBS,iShares CMBS Bond ETF
2022-03-07,51.4900016784668,51.279998779296875,51.470001220703125,51.310001373291016,42300.0,50.33381652832031,CMBS,iShares CMBS Bond ETF
2022-03-08,51.310001373291016,51.13999938964844,51.290000915527344,51.15999984741211,26200.0,50.186676025390625,CMBS,iShares CMBS Bond ETF
2022-03-09,51.099998474121094,50.97999954223633,51.06999969482422,51.040000915527344,25500.0,50.0689582824707,CMBS,iShares CMBS Bond ETF
2022-03-10,50.88999938964844,50.70000076293945,50.880001068115234,50.83000183105469,31300.0,49.862953186035156,CMBS,iShares CMBS Bond ETF
2022-03-11,50.810001373291016,50.70000076293945,50.790000915527344,50.72999954223633,32500.0,49.764854431152344,CMBS,iShares CMBS Bond ETF
2022-03-14,50.630001068115234,50.40999984741211,50.619998931884766,50.41999816894531,29900.0,49.460750579833984,CMBS,iShares CMBS Bond ETF
2022-03-15,50.65999984741211,50.380001068115234,50.65999984741211,50.45000076293945,35600.0,49.49018478393555,CMBS,iShares CMBS Bond ETF
2022-03-16,50.45000076293945,50.08000183105469,50.45000076293945,50.310001373291016,94200.0,49.352848052978516,CMBS,iShares CMBS Bond ETF
2022-03-17,50.38999938964844,50.22999954223633,50.29999923706055,50.2599983215332,40100.0,49.30379867553711,CMBS,iShares CMBS Bond ETF
2022-03-18,50.40999984741211,50.27000045776367,50.33000183105469,50.369998931884766,80300.0,49.41170120239258,CMBS,iShares CMBS Bond ETF
2022-03-21,50.20000076293945,49.72999954223633,50.13999938964844,49.83000183105469,67000.0,48.881980895996094,CMBS,iShares CMBS Bond ETF
2022-03-22,49.869998931884766,49.70000076293945,49.83000183105469,49.790000915527344,99600.0,48.84273910522461,CMBS,iShares CMBS Bond ETF
2022-03-23,49.9900016784668,49.790000915527344,49.880001068115234,49.959999084472656,74800.0,49.00950622558594,CMBS,iShares CMBS Bond ETF
2022-03-24,49.970001220703125,49.83000183105469,49.880001068115234,49.869998931884766,84200.0,48.92121124267578,CMBS,iShares CMBS Bond ETF
2022-03-25,49.75,49.400001525878906,49.689998626708984,49.40999984741211,87400.0,48.469970703125,CMBS,iShares CMBS Bond ETF
2022-03-28,49.599998474121094,49.43000030517578,49.43000030517578,49.540000915527344,47800.0,48.597496032714844,CMBS,iShares CMBS Bond ETF
2022-03-29,49.790000915527344,49.540000915527344,49.599998474121094,49.7599983215332,67000.0,48.81331253051758,CMBS,iShares CMBS Bond ETF
2022-03-30,49.88999938964844,49.630001068115234,49.65999984741211,49.83000183105469,62400.0,48.881980895996094,CMBS,iShares CMBS Bond ETF
2022-03-31,49.939998626708984,49.84000015258789,49.90999984741211,49.849998474121094,48900.0,48.90159225463867,CMBS,iShares CMBS Bond ETF
2022-04-01,49.849998474121094,49.47999954223633,49.52000045776367,49.599998474121094,502400.0,48.752193450927734,CMBS,iShares CMBS Bond ETF
2022-04-04,49.70000076293945,49.58000183105469,49.70000076293945,49.66999816894531,91800.0,48.82099533081055,CMBS,iShares CMBS Bond ETF
2022-04-05,49.58000183105469,49.279998779296875,49.58000183105469,49.349998474121094,83200.0,48.506465911865234,CMBS,iShares CMBS Bond ETF
2022-04-06,49.45000076293945,49.189998626708984,49.209999084472656,49.31999969482422,129700.0,48.47697830200195,CMBS,iShares CMBS Bond ETF
2022-04-07,49.38999938964844,49.189998626708984,49.310001373291016,49.25,108500.0,48.40817642211914,CMBS,iShares CMBS Bond ETF
2022-04-08,49.189998626708984,48.970001220703125,49.189998626708984,49.11000061035156,43300.0,48.27057647705078,CMBS,iShares CMBS Bond ETF
2022-04-11,49.06999969482422,48.849998474121094,48.97999954223633,48.88999938964844,203000.0,48.0543327331543,CMBS,iShares CMBS Bond ETF
2022-04-12,49.29999923706055,49.099998474121094,49.13999938964844,49.279998779296875,117000.0,48.43766403198242,CMBS,iShares CMBS Bond ETF
2022-04-13,49.459999084472656,49.2400016784668,49.36000061035156,49.33000183105469,216700.0,48.486812591552734,CMBS,iShares CMBS Bond ETF
2022-04-14,49.220001220703125,48.9900016784668,49.220001220703125,49.09000015258789,144800.0,48.250919342041016,CMBS,iShares CMBS Bond ETF
2022-04-18,49.060001373291016,48.939998626708984,49.02000045776367,49.0099983215332,141400.0,48.172279357910156,CMBS,iShares CMBS Bond ETF
2022-04-19,49.380001068115234,48.72999954223633,49.220001220703125,48.75,135300.0,47.91672134399414,CMBS,iShares CMBS Bond ETF
2022-04-20,48.88999938964844,48.54999923706055,48.7599983215332,48.779998779296875,462800.0,47.94621276855469,CMBS,iShares CMBS Bond ETF
2022-04-21,48.84000015258789,48.43000030517578,48.84000015258789,48.68000030517578,93900.0,47.84791564941406,CMBS,iShares CMBS Bond ETF
2022-04-22,48.709999084472656,48.54999923706055,48.68000030517578,48.709999084472656,109800.0,47.877410888671875,CMBS,iShares CMBS Bond ETF
2022-04-25,48.97999954223633,48.83000183105469,48.88999938964844,48.900001525878906,68200.0,48.06416320800781,CMBS,iShares CMBS Bond ETF
2022-04-26,49.209999084472656,49.0,49.0099983215332,49.099998474121094,349400.0,48.2607421875,CMBS,iShares CMBS Bond ETF
2022-04-27,49.04999923706055,48.77000045776367,49.0099983215332,48.88999938964844,215600.0,48.0543327331543,CMBS,iShares CMBS Bond ETF
2022-04-28,48.95000076293945,48.65999984741211,48.95000076293945,48.84000015258789,98500.0,48.00518798828125,CMBS,iShares CMBS Bond ETF
2022-04-29,48.88999938964844,48.5,48.5,48.810001373291016,105600.0,47.97570037841797,CMBS,iShares CMBS Bond ETF
2022-05-02,48.52000045776367,48.27000045776367,48.52000045776367,48.33000183105469,35100.0,47.6063117980957,CMBS,iShares CMBS Bond ETF
2022-05-03,48.41999816894531,48.06999969482422,48.06999969482422,48.349998474121094,246300.0,47.62601089477539,CMBS,iShares CMBS Bond ETF
2022-05-04,48.779998779296875,48.189998626708984,48.34000015258789,48.56999969482422,42500.0,47.84272003173828,CMBS,iShares CMBS Bond ETF
2022-05-05,48.36000061035156,48.08000183105469,48.29999923706055,48.33000183105469,97100.0,47.6063117980957,CMBS,iShares CMBS Bond ETF
2022-05-06,48.34000015258789,48.11000061035156,48.150001525878906,48.34000015258789,97700.0,47.61616134643555,CMBS,iShares CMBS Bond ETF
2022-05-09,48.59000015258789,48.2599983215332,48.2599983215332,48.56999969482422,37900.0,47.84272003173828,CMBS,iShares CMBS Bond ETF
2022-05-10,48.47999954223633,48.2400016784668,48.459999084472656,48.380001068115234,82500.0,47.65556716918945,CMBS,iShares CMBS Bond ETF
2022-05-11,48.560001373291016,48.25,48.310001373291016,48.529998779296875,63500.0,47.803321838378906,CMBS,iShares CMBS Bond ETF
2022-05-12,48.709999084472656,48.52000045776367,48.619998931884766,48.65999984741211,30200.0,47.931373596191406,CMBS,iShares CMBS Bond ETF
2022-05-13,48.560001373291016,48.41999816894531,48.47999954223633,48.470001220703125,48800.0,47.74422073364258,CMBS,iShares CMBS Bond ETF
2022-05-16,48.68000030517578,48.4900016784668,48.4900016784668,48.63999938964844,48400.0,47.91167068481445,CMBS,iShares CMBS Bond ETF
2022-05-17,48.38999938964844,48.13999938964844,48.38999938964844,48.2400016784668,289400.0,47.517662048339844,CMBS,iShares CMBS Bond ETF
2022-05-18,48.5,48.209999084472656,48.349998474121094,48.400001525878906,52000.0,47.675270080566406,CMBS,iShares CMBS Bond ETF
2022-05-19,48.619998931884766,48.290000915527344,48.56999969482422,48.470001220703125,59800.0,47.74422073364258,CMBS,iShares CMBS Bond ETF
2022-05-20,48.790000915527344,48.36000061035156,48.439998626708984,48.650001525878906,73700.0,47.92152404785156,CMBS,iShares CMBS Bond ETF
2022-05-23,48.709999084472656,48.29999923706055,48.619998931884766,48.310001373291016,144100.0,47.58661651611328,CMBS,iShares CMBS Bond ETF
2022-05-24,48.880001068115234,48.54999923706055,48.66999816894531,48.54999923706055,56200.0,47.823020935058594,CMBS,iShares CMBS Bond ETF
2022-05-25,48.91999816894531,48.72999954223633,48.880001068115234,48.81999969482422,61500.0,48.0889778137207,CMBS,iShares CMBS Bond ETF
2022-05-26,48.869998931884766,48.68000030517578,48.70000076293945,48.70000076293945,89500.0,47.97077178955078,CMBS,iShares CMBS Bond ETF
2022-05-27,48.93000030517578,48.720001220703125,48.75,48.79999923706055,134700.0,48.06927490234375,CMBS,iShares CMBS Bond ETF
2022-05-31,48.68000030517578,48.54999923706055,48.599998474121094,48.68000030517578,62600.0,47.95106887817383,CMBS,iShares CMBS Bond ETF
2022-06-01,48.560001373291016,48.189998626708984,48.560001373291016,48.25,40000.0,47.621421813964844,CMBS,iShares CMBS Bond ETF
2022-06-02,48.41999816894531,48.0099983215332,48.0099983215332,48.400001525878906,67300.0,47.76947021484375,CMBS,iShares CMBS Bond ETF
2022-06-03,48.369998931884766,48.22999954223633,48.2599983215332,48.31999969482422,27500.0,47.690513610839844,CMBS,iShares CMBS Bond ETF
2022-06-06,48.27000045776367,47.97999954223633,48.27000045776367,48.060001373291016,19500.0,47.43389892578125,CMBS,iShares CMBS Bond ETF
2022-06-07,48.349998474121094,48.11000061035156,48.130001068115234,48.349998474121094,44400.0,47.720123291015625,CMBS,iShares CMBS Bond ETF
2022-06-08,48.29999923706055,48.09000015258789,48.16999816894531,48.130001068115234,65200.0,47.502986907958984,CMBS,iShares CMBS Bond ETF
2022-06-09,48.150001525878906,47.970001220703125,48.150001525878906,48.060001373291016,29300.0,47.43389892578125,CMBS,iShares CMBS Bond ETF
2022-06-10,47.91999816894531,47.65999984741211,47.91999816894531,47.91999816894531,35200.0,47.29572296142578,CMBS,iShares CMBS Bond ETF
2022-06-13,47.400001525878906,47.029998779296875,47.400001525878906,47.029998779296875,46300.0,46.417320251464844,CMBS,iShares CMBS Bond ETF
2022-06-14,47.38999938964844,46.90999984741211,47.15999984741211,46.97999954223633,92900.0,46.36796951293945,CMBS,iShares CMBS Bond ETF
2022-06-15,47.380001068115234,46.84000015258789,47.08000183105469,47.2599983215332,84800.0,46.644317626953125,CMBS,iShares CMBS Bond ETF
2022-06-16,47.43000030517578,47.0,47.040000915527344,47.43000030517578,119900.0,46.81210708618164,CMBS,iShares CMBS Bond ETF
2022-06-17,47.5,47.02000045776367,47.369998931884766,47.40999984741211,148000.0,46.792362213134766,CMBS,iShares CMBS Bond ETF
2022-06-21,47.369998931884766,47.189998626708984,47.369998931884766,47.290000915527344,68500.0,46.67393112182617,CMBS,iShares CMBS Bond ETF
2022-06-22,47.75,47.34000015258789,47.34000015258789,47.470001220703125,136000.0,46.85158920288086,CMBS,iShares CMBS Bond ETF
2022-06-23,48.060001373291016,47.7400016784668,47.7400016784668,47.95000076293945,57000.0,47.32533645629883,CMBS,iShares CMBS Bond ETF
2022-06-24,47.959999084472656,47.66999816894531,47.95000076293945,47.68000030517578,98200.0,47.0588493347168,CMBS,iShares CMBS Bond ETF
2022-06-27,47.75,47.400001525878906,47.7400016784668,47.45000076293945,67400.0,46.831844329833984,CMBS,iShares CMBS Bond ETF
2022-06-28,47.70000076293945,47.310001373291016,47.40999984741211,47.70000076293945,62500.0,47.078590393066406,CMBS,iShares CMBS Bond ETF
2022-06-29,47.849998474121094,47.58000183105469,47.630001068115234,47.849998474121094,51900.0,47.22663116455078,CMBS,iShares CMBS Bond ETF
2022-06-30,48.29999923706055,47.91999816894531,47.939998626708984,48.11000061035156,72900.0,47.48324966430664,CMBS,iShares CMBS Bond ETF
2022-07-01,48.5099983215332,48.209999084472656,48.209999084472656,48.380001068115234,62900.0,47.84819030761719,CMBS,iShares CMBS Bond ETF
2022-07-05,48.5,48.33000183105469,48.33000183105469,48.400001525878906,46900.0,47.86797332763672,CMBS,iShares CMBS Bond ETF
2022-07-06,48.47999954223633,47.939998626708984,48.47999954223633,48.029998779296875,259200.0,47.502037048339844,CMBS,iShares CMBS Bond ETF
2022-07-07,48.04999923706055,47.63999938964844,48.04999923706055,47.7599983215332,428400.0,47.235008239746094,CMBS,iShares CMBS Bond ETF
2022-07-08,47.93000030517578,47.7400016784668,47.81999969482422,47.77000045776367,38300.0,47.24489974975586,CMBS,iShares CMBS Bond ETF
2022-07-11,48.18000030517578,47.849998474121094,47.88999938964844,48.16999816894531,54500.0,47.640499114990234,CMBS,iShares CMBS Bond ETF
2022-07-12,48.33000183105469,47.9900016784668,48.08000183105469,48.040000915527344,57800.0,47.511932373046875,CMBS,iShares CMBS Bond ETF
2022-07-13,48.2400016784668,47.790000915527344,47.790000915527344,48.040000915527344,65300.0,47.511932373046875,CMBS,iShares CMBS Bond ETF
2022-07-14,48.119998931884766,47.86000061035156,47.88999938964844,48.029998779296875,90400.0,47.502037048339844,CMBS,iShares CMBS Bond ETF
2022-07-15,48.11000061035156,47.59000015258789,48.060001373291016,48.08000183105469,217900.0,47.551490783691406,CMBS,iShares CMBS Bond ETF
2022-07-18,48.02000045776367,47.66999816894531,47.9900016784668,47.9900016784668,521700.0,47.46248245239258,CMBS,iShares CMBS Bond ETF
2022-07-19,48.31999969482422,47.88999938964844,48.029998779296875,48.0099983215332,223500.0,47.48225784301758,CMBS,iShares CMBS Bond ETF
2022-07-20,48.13999938964844,47.779998779296875,48.06999969482422,47.880001068115234,153900.0,47.35368728637695,CMBS,iShares CMBS Bond ETF
2022-07-21,48.34000015258789,48.02000045776367,48.130001068115234,48.22999954223633,412000.0,47.69984436035156,CMBS,iShares CMBS Bond ETF
2022-07-22,48.7599983215332,48.400001525878906,48.40999984741211,48.75,81400.0,48.21412658691406,CMBS,iShares CMBS Bond ETF
2022-07-25,48.650001525878906,48.5,48.619998931884766,48.529998779296875,53900.0,47.996543884277344,CMBS,iShares CMBS Bond ETF
2022-07-26,48.790000915527344,48.380001068115234,48.72999954223633,48.5099983215332,112000.0,47.97676086425781,CMBS,iShares CMBS Bond ETF
2022-07-27,48.720001220703125,48.470001220703125,48.70000076293945,48.540000915527344,92300.0,48.00643539428711,CMBS,iShares CMBS Bond ETF
2022-07-28,48.97999954223633,48.720001220703125,48.790000915527344,48.939998626708984,67700.0,48.40203857421875,CMBS,iShares CMBS Bond ETF
2022-07-29,49.06999969482422,48.68000030517578,48.880001068115234,49.06999969482422,100600.0,48.530609130859375,CMBS,iShares CMBS Bond ETF
2022-08-01,48.9900016784668,48.75,48.86000061035156,48.779998779296875,143400.0,48.34626007080078,CMBS,iShares CMBS Bond ETF
2022-08-02,49.400001525878906,48.40999984741211,48.86000061035156,48.43000030517578,78200.0,47.99937057495117,CMBS,iShares CMBS Bond ETF
2022-08-03,48.5,48.220001220703125,48.400001525878906,48.5,146500.0,48.068748474121094,CMBS,iShares CMBS Bond ETF
2022-08-04,48.959999084472656,48.560001373291016,48.599998474121094,48.79999923706055,67300.0,48.36608123779297,CMBS,iShares CMBS Bond ETF
2022-08-05,48.38999938964844,47.97999954223633,48.38999938964844,48.060001373291016,88600.0,47.63266372680664,CMBS,iShares CMBS Bond ETF
2022-08-08,48.5099983215332,48.20000076293945,48.20000076293945,48.29999923706055,45700.0,47.87052536010742,CMBS,iShares CMBS Bond ETF
2022-08-09,48.47999954223633,48.20000076293945,48.209999084472656,48.27000045776367,63100.0,47.840797424316406,CMBS,iShares CMBS Bond ETF
2022-08-10,48.63999938964844,48.2400016784668,48.560001373291016,48.290000915527344,63100.0,47.86062240600586,CMBS,iShares CMBS Bond ETF
2022-08-11,48.68000030517578,48.130001068115234,48.68000030517578,48.20000076293945,50000.0,47.771419525146484,CMBS,iShares CMBS Bond ETF
2022-08-12,48.470001220703125,48.060001373291016,48.400001525878906,48.310001373291016,54600.0,47.88044357299805,CMBS,iShares CMBS Bond ETF
2022-08-15,48.599998474121094,48.349998474121094,48.38999938964844,48.599998474121094,43300.0,48.16786193847656,CMBS,iShares CMBS Bond ETF
2022-08-16,48.52000045776367,48.33000183105469,48.459999084472656,48.36000061035156,59400.0,47.929996490478516,CMBS,iShares CMBS Bond ETF
2022-08-17,48.25,47.95000076293945,48.0,48.15999984741211,98500.0,47.73177719116211,CMBS,iShares CMBS Bond ETF
2022-08-18,48.43000030517578,48.06999969482422,48.22999954223633,48.15999984741211,56200.0,47.73177719116211,CMBS,iShares CMBS Bond ETF
2022-08-19,48.40999984741211,48.02000045776367,48.16999816894531,48.08000183105469,91000.0,47.652488708496094,CMBS,iShares CMBS Bond ETF
2022-08-22,48.04999923706055,47.79999923706055,47.869998931884766,47.939998626708984,62900.0,47.51373291015625,CMBS,iShares CMBS Bond ETF
2022-08-23,48.09000015258789,47.81999969482422,47.849998474121094,48.02000045776367,60400.0,47.593021392822266,CMBS,iShares CMBS Bond ETF
2022-08-24,47.880001068115234,47.72999954223633,47.79999923706055,47.75,269200.0,47.32542037963867,CMBS,iShares CMBS Bond ETF
2022-08-25,47.90999984741211,47.650001525878906,47.790000915527344,47.81999969482422,68400.0,47.394798278808594,CMBS,iShares CMBS Bond ETF
2022-08-26,47.939998626708984,47.66999816894531,47.790000915527344,47.939998626708984,48500.0,47.51373291015625,CMBS,iShares CMBS Bond ETF
2022-08-29,47.75,47.45000076293945,47.75,47.59000015258789,345800.0,47.166847229003906,CMBS,iShares CMBS Bond ETF
2022-08-30,47.7400016784668,47.5,47.70000076293945,47.5099983215332,44000.0,47.08755111694336,CMBS,iShares CMBS Bond ETF
2022-08-31,47.66999816894531,47.43000030517578,47.66999816894531,47.45000076293945,65900.0,47.0280876159668,CMBS,iShares CMBS Bond ETF
2022-09-01,47.31999969482422,47.16999816894531,47.279998779296875,47.310001373291016,26000.0,46.987369537353516,CMBS,iShares CMBS Bond ETF
2022-09-02,47.5099983215332,47.34000015258789,47.40999984741211,47.470001220703125,28800.0,47.146278381347656,CMBS,iShares CMBS Bond ETF
2022-09-06,47.29999923706055,47.119998931884766,47.20000076293945,47.13999938964844,57500.0,46.81852722167969,CMBS,iShares CMBS Bond ETF
2022-09-07,47.34000015258789,47.09000015258789,47.20000076293945,47.290000915527344,58000.0,46.967506408691406,CMBS,iShares CMBS Bond ETF
2022-09-08,47.380001068115234,47.2599983215332,47.279998779296875,47.2599983215332,55400.0,46.937705993652344,CMBS,iShares CMBS Bond ETF
2022-09-09,47.380001068115234,47.13999938964844,47.2599983215332,47.29999923706055,61600.0,46.97743606567383,CMBS,iShares CMBS Bond ETF
2022-09-12,47.4900016784668,47.09000015258789,47.290000915527344,47.310001373291016,97100.0,46.987369537353516,CMBS,iShares CMBS Bond ETF
2022-09-13,47.0,46.779998779296875,46.869998931884766,46.849998474121094,48500.0,46.53050231933594,CMBS,iShares CMBS Bond ETF
2022-09-14,47.0,46.79999923706055,46.81999969482422,46.83000183105469,52200.0,46.51063919067383,CMBS,iShares CMBS Bond ETF
2022-09-15,46.849998474121094,46.61000061035156,46.720001220703125,46.70000076293945,79500.0,46.381526947021484,CMBS,iShares CMBS Bond ETF
2022-09-16,46.959999084472656,46.70000076293945,46.70000076293945,46.83000183105469,85300.0,46.51063919067383,CMBS,iShares CMBS Bond ETF
2022-09-19,46.720001220703125,46.43000030517578,46.709999084472656,46.540000915527344,45200.0,46.222618103027344,CMBS,iShares CMBS Bond ETF
2022-09-20,46.65999984741211,46.540000915527344,46.65999984741211,46.54999923706055,45200.0,46.23255157470703,CMBS,iShares CMBS Bond ETF
2022-09-21,46.70000076293945,46.380001068115234,46.61000061035156,46.56999969482422,61200.0,46.252410888671875,CMBS,iShares CMBS Bond ETF
2022-09-22,46.41999816894531,46.099998474121094,46.38999938964844,46.25,56000.0,45.93459701538086,CMBS,iShares CMBS Bond ETF
2022-09-23,46.279998779296875,45.97999954223633,46.279998779296875,46.119998931884766,66500.0,45.80548095703125,CMBS,iShares CMBS Bond ETF
2022-09-26,46.11000061035156,45.75,46.02000045776367,45.88999938964844,55900.0,45.57705307006836,CMBS,iShares CMBS Bond ETF
2022-09-27,45.939998626708984,45.630001068115234,45.86000061035156,45.75,84000.0,45.43800735473633,CMBS,iShares CMBS Bond ETF
2022-09-28,46.2400016784668,45.93000030517578,45.9900016784668,46.189998626708984,50800.0,45.875003814697266,CMBS,iShares CMBS Bond ETF
2022-09-29,46.13999938964844,45.959999084472656,45.959999084472656,46.130001068115234,42900.0,45.8154182434082,CMBS,iShares CMBS Bond ETF
2022-09-30,46.16999816894531,45.849998474121094,46.02000045776367,45.849998474121094,61500.0,45.537322998046875,CMBS,iShares CMBS Bond ETF
2022-10-03,46.22999954223633,45.5,46.0,45.900001525878906,118700.0,45.687625885009766,CMBS,iShares CMBS Bond ETF
2022-10-04,46.310001373291016,45.779998779296875,46.310001373291016,46.09000015258789,222300.0,45.87674331665039,CMBS,iShares CMBS Bond ETF
2022-10-05,46.2599983215332,45.90999984741211,46.08000183105469,46.130001068115234,85400.0,45.916561126708984,CMBS,iShares CMBS Bond ETF
2022-10-06,45.869998931884766,45.400001525878906,45.86000061035156,45.599998474121094,292600.0,45.38901138305664,CMBS,iShares CMBS Bond ETF
2022-10-07,45.630001068115234,45.0,45.52000045776367,45.43000030517578,201100.0,45.21979904174805,CMBS,iShares CMBS Bond ETF
2022-10-10,45.59000015258789,45.41999816894531,45.43000030517578,45.52000045776367,38500.0,45.30937957763672,CMBS,iShares CMBS Bond ETF
2022-10-11,45.65999984741211,45.220001220703125,45.619998931884766,45.540000915527344,57500.0,45.32929229736328,CMBS,iShares CMBS Bond ETF
2022-10-12,45.58000183105469,45.459999084472656,45.459999084472656,45.58000183105469,67800.0,45.36910629272461,CMBS,iShares CMBS Bond ETF
2022-10-13,45.650001525878906,45.25,45.25,45.43000030517578,27200.0,45.21979904174805,CMBS,iShares CMBS Bond ETF
2022-10-14,45.52000045776367,44.97999954223633,45.470001220703125,45.2599983215332,195800.0,45.05058670043945,CMBS,iShares CMBS Bond ETF
2022-10-17,45.43000030517578,45.0099983215332,45.43000030517578,45.099998474121094,195600.0,44.89132308959961,CMBS,iShares CMBS Bond ETF
2022-10-18,45.40999984741211,45.150001525878906,45.31999969482422,45.349998474121094,100800.0,45.140167236328125,CMBS,iShares CMBS Bond ETF
2022-10-19,45.349998474121094,44.970001220703125,45.20000076293945,45.11000061035156,162000.0,44.90127944946289,CMBS,iShares CMBS Bond ETF
2022-10-20,45.099998474121094,44.7400016784668,45.060001373291016,44.83000183105469,116200.0,44.62257766723633,CMBS,iShares CMBS Bond ETF
2022-10-21,45.040000915527344,44.77000045776367,44.77000045776367,44.959999084472656,69200.0,44.75197219848633,CMBS,iShares CMBS Bond ETF
2022-10-24,45.06999969482422,44.88999938964844,44.959999084472656,44.97999954223633,51600.0,44.771881103515625,CMBS,iShares CMBS Bond ETF
2022-10-25,45.380001068115234,44.97999954223633,44.97999954223633,45.060001373291016,96700.0,44.85151290893555,CMBS,iShares CMBS Bond ETF
2022-10-26,45.2599983215332,45.029998779296875,45.060001373291016,45.2599983215332,233000.0,45.05058670043945,CMBS,iShares CMBS Bond ETF
2022-10-27,45.54999923706055,45.33000183105469,45.33000183105469,45.54999923706055,29900.0,45.3392448425293,CMBS,iShares CMBS Bond ETF
2022-10-28,45.40999984741211,45.20000076293945,45.29999923706055,45.209999084472656,26300.0,45.00081253051758,CMBS,iShares CMBS Bond ETF
2022-10-31,45.20000076293945,44.880001068115234,45.150001525878906,44.97999954223633,126800.0,44.771881103515625,CMBS,iShares CMBS Bond ETF
2022-11-01,45.13999938964844,44.72999954223633,45.13999938964844,44.84000015258789,87000.0,44.73795700073242,CMBS,iShares CMBS Bond ETF
2022-11-02,45.150001525878906,44.75,44.93000030517578,44.81999969482422,338200.0,44.71800231933594,CMBS,iShares CMBS Bond ETF
2022-11-03,44.790000915527344,44.349998474121094,44.7400016784668,44.689998626708984,270600.0,44.58829879760742,CMBS,iShares CMBS Bond ETF
2022-11-04,44.880001068115234,44.61000061035156,44.77000045776367,44.869998931884766,143700.0,44.767887115478516,CMBS,iShares CMBS Bond ETF
2022-11-07,44.79999923706055,44.529998779296875,44.709999084472656,44.75,146700.0,44.648162841796875,CMBS,iShares CMBS Bond ETF
2022-11-08,44.849998474121094,44.709999084472656,44.75,44.77000045776367,57300.0,44.66811752319336,CMBS,iShares CMBS Bond ETF
2022-11-09,45.0,44.720001220703125,44.83000183105469,44.97999954223633,96900.0,44.87763977050781,CMBS,iShares CMBS Bond ETF
2022-11-10,45.540000915527344,45.15999984741211,45.15999984741211,45.470001220703125,36700.0,45.36652374267578,CMBS,iShares CMBS Bond ETF
2022-11-11,45.54999923706055,45.31999969482422,45.54999923706055,45.43000030517578,107200.0,45.32661437988281,CMBS,iShares CMBS Bond ETF
2022-11-14,45.560001373291016,45.38999938964844,45.439998626708984,45.4900016784668,84200.0,45.386478424072266,CMBS,iShares CMBS Bond ETF
2022-11-15,45.7400016784668,45.52000045776367,45.54999923706055,45.689998626708984,59200.0,45.586021423339844,CMBS,iShares CMBS Bond ETF
2022-11-16,45.880001068115234,45.70000076293945,45.7400016784668,45.84000015258789,56400.0,45.73568344116211,CMBS,iShares CMBS Bond ETF
2022-11-17,45.90999984741211,45.65999984741211,45.720001220703125,45.7599983215332,97000.0,45.655860900878906,CMBS,iShares CMBS Bond ETF
2022-11-18,45.709999084472656,45.560001373291016,45.65999984741211,45.59000015258789,95600.0,45.48625183105469,CMBS,iShares CMBS Bond ETF
2022-11-21,45.77000045776367,45.470001220703125,45.7400016784668,45.58000183105469,97900.0,45.47627639770508,CMBS,iShares CMBS Bond ETF
2022-11-22,45.779998779296875,45.630001068115234,45.779998779296875,45.650001525878906,37000.0,45.54611587524414,CMBS,iShares CMBS Bond ETF
2022-11-23,46.0,45.79999923706055,45.83000183105469,45.939998626708984,55500.0,45.835453033447266,CMBS,iShares CMBS Bond ETF
2022-11-25,46.0,45.77000045776367,45.91999816894531,45.97999954223633,37200.0,45.875362396240234,CMBS,iShares CMBS Bond ETF
2022-11-28,46.060001373291016,45.84000015258789,45.959999084472656,45.900001525878906,270800.0,45.79554748535156,CMBS,iShares CMBS Bond ETF
2022-11-29,45.959999084472656,45.77000045776367,45.77000045776367,45.91999816894531,66100.0,45.81549835205078,CMBS,iShares CMBS Bond ETF
2022-11-30,46.2599983215332,45.61000061035156,45.810001373291016,46.13999938964844,35600.0,46.03499984741211,CMBS,iShares CMBS Bond ETF
2022-12-01,46.470001220703125,45.959999084472656,46.060001373291016,46.470001220703125,237300.0,46.470001220703125,CMBS,iShares CMBS Bond ETF
2022-12-02,46.5,46.08000183105469,46.16999816894531,46.4900016784668,93500.0,46.4900016784668,CMBS,iShares CMBS Bond ETF
